timestamp,location,sensor,value
2023-12-31T20:26:00.000Z,zone-a,pressure,1013.1
2023-12-31T21:34:00.000Z,zone-d,humidity,42.6
2023-12-31T23:14:00.000Z,zone-d,light,144.4
2023-12-31T23:34:00.000Z,zone-c,pressure,999.6
2024-01-01T00:09:00.000Z,zone-a,light,759
2024-01-01T02:15:00.000Z,zone-b,humidity,62.4
2024-01-01T02:21:00.000Z,zone-a,humidity,48.8
2024-01-01T02:49:00.000Z,zone-d,pressure,1008.3
2024-01-01T03:36:00.000Z,zone-c,humidity,41.9
2024-01-01T06:22:00.000Z,zone-b,light,775.5
2024-01-01T09:28:00.000Z,zone-c,light,126.7
2024-01-01T09:30:00.000Z,zone-d,temperature,17.1
2024-01-01T10:55:00.000Z,zone-b,pressure,1009.7
2024-01-01T15:23:00.000Z,zone-c,temperature,20.6
2024-01-01T16:47:00.000Z,zone-a,temperature,27
2024-01-01T17:42:00.000Z,zone-b,temperature,26.3
2024-01-01T18:30:00.000Z,zone-c,light,890.5
2024-01-01T18:39:00.000Z,zone-b,humidity,41.7
2024-01-01T19:08:00.000Z,zone-b,pressure,1003.6
2024-01-01T19:28:00.000Z,zone-a,pressure,1010.4
2024-01-01T20:24:00.000Z,zone-d,light,294.6
2024-01-01T20:45:00.000Z,zone-a,humidity,74.5
2024-01-01T21:16:00.000Z,zone-b,temperature,19.9
2024-01-01T22:37:00.000Z,zone-c,pressure,1018
2024-01-02T03:46:00.000Z,zone-d,temperature,22.3
2024-01-02T05:13:00.000Z,zone-b,light,294.1
2024-01-02T08:56:00.000Z,zone-d,pressure,1002.2
2024-01-02T09:06:00.000Z,zone-c,temperature,31.4
2024-01-02T11:04:00.000Z,zone-d,humidity,49.8
2024-01-02T12:13:00.000Z,zone-a,temperature,30
2024-01-02T14:06:00.000Z,zone-c,humidity,31.3
2024-01-02T14:28:00.000Z,zone-a,light,201
2024-01-02T18:36:00.000Z,zone-a,humidity,39.3
2024-01-02T22:49:00.000Z,zone-b,pressure,1010.8
2024-01-02T23:51:00.000Z,zone-c,humidity,36.4
2024-01-03T00:01:00.000Z,zone-a,temperature,29.6
2024-01-03T00:55:00.000Z,zone-b,humidity,43.1
2024-01-03T03:25:00.000Z,zone-c,light,171.8
2024-01-03T06:06:00.000Z,zone-d,humidity,53.8
2024-01-03T07:45:00.000Z,zone-b,temperature,15.8
2024-01-03T07:57:00.000Z,zone-d,temperature,31.4
2024-01-03T08:01:00.000Z,zone-d,light,632.4
2024-01-03T08:29:00.000Z,zone-b,light,619.6
2024-01-03T09:03:00.000Z,zone-a,light,837
2024-01-03T09:18:00.000Z,zone-c,pressure,995.3
2024-01-03T10:39:00.000Z,zone-d,pressure,1000.8
2024-01-03T14:47:00.000Z,zone-a,pressure,1005.8
2024-01-03T15:02:00.000Z,zone-c,temperature,31.9
2024-01-03T18:30:00.000Z,zone-a,temperature,25
2024-01-03T21:03:00.000Z,zone-c,pressure,1010.7
2024-01-03T22:05:00.000Z,zone-b,temperature,15.7
2024-01-03T22:06:00.000Z,zone-b,humidity,74.3
2024-01-04T00:37:00.000Z,zone-d,humidity,65.6
2024-01-04T01:32:00.000Z,zone-a,light,691.1
2024-01-04T01:56:00.000Z,zone-a,humidity,36.2
2024-01-04T03:48:00.000Z,zone-b,light,765.6
2024-01-04T04:53:00.000Z,zone-c,temperature,30.6
2024-01-04T05:41:00.000Z,zone-d,light,638.8
2024-01-04T10:11:00.000Z,zone-c,light,764.7
2024-01-04T10:57:00.000Z,zone-d,temperature,25.9
2024-01-04T11:42:00.000Z,zone-a,pressure,1000.9
2024-01-04T11:48:00.000Z,zone-b,pressure,1006.3
2024-01-04T17:40:00.000Z,zone-d,pressure,999.9
2024-01-04T18:14:00.000Z,zone-c,humidity,39
2024-01-04T19:52:00.000Z,zone-c,pressure,1010.5
2024-01-04T20:21:00.000Z,zone-c,temperature,18.3
2024-01-04T20:38:00.000Z,zone-b,temperature,30
2024-01-04T21:33:00.000Z,zone-d,humidity,77.9
2024-01-04T22:05:00.000Z,zone-b,pressure,1016.1
2024-01-04T22:17:00.000Z,zone-a,humidity,77.5
2024-01-04T22:25:00.000Z,zone-d,temperature,33.3
2024-01-04T22:34:00.000Z,zone-a,pressure,992.5
2024-01-05T00:57:00.000Z,zone-c,light,257.1
2024-01-05T03:35:00.000Z,zone-d,pressure,995.1
2024-01-05T07:38:00.000Z,zone-b,humidity,48.1
2024-01-05T08:10:00.000Z,zone-d,light,335
2024-01-05T11:25:00.000Z,zone-c,humidity,76.9
2024-01-05T12:02:00.000Z,zone-b,light,603.4
2024-01-05T15:33:00.000Z,zone-a,temperature,18.2
2024-01-05T16:27:00.000Z,zone-a,light,827
2024-01-05T19:58:00.000Z,zone-c,pressure,996
2024-01-05T20:19:00.000Z,zone-c,light,313.4
2024-01-05T22:28:00.000Z,zone-d,light,629.9
2024-01-06T02:01:00.000Z,zone-b,temperature,23.6
2024-01-06T04:36:00.000Z,zone-b,humidity,68.8
2024-01-06T06:37:00.000Z,zone-a,light,291.9
2024-01-06T06:40:00.000Z,zone-d,pressure,998.9
2024-01-06T06:43:00.000Z,zone-d,temperature,20.8
2024-01-06T11:31:00.000Z,zone-b,pressure,1003.6
2024-01-06T11:42:00.000Z,zone-a,temperature,33.4
2024-01-06T12:24:00.000Z,zone-d,humidity,66.1
2024-01-06T12:29:00.000Z,zone-a,pressure,991
2024-01-06T12:37:00.000Z,zone-c,humidity,71.5
2024-01-06T14:26:00.000Z,zone-c,temperature,31.2
2024-01-06T15:50:00.000Z,zone-b,light,169.1
2024-01-06T16:31:00.000Z,zone-a,humidity,52.7
2024-01-06T20:57:00.000Z,zone-a,humidity,48.3
2024-01-06T22:50:00.000Z,zone-d,light,397.7
2024-01-06T23:27:00.000Z,zone-d,pressure,1019.4
2024-01-07T03:33:00.000Z,zone-c,light,139.5
2024-01-07T03:46:00.000Z,zone-b,light,484.6
2024-01-07T05:43:00.000Z,zone-b,temperature,31.2
2024-01-07T06:06:00.000Z,zone-d,humidity,77.9
2024-01-07T07:04:00.000Z,zone-a,temperature,20.3
2024-01-07T08:37:00.000Z,zone-c,pressure,993.5
2024-01-07T10:03:00.000Z,zone-c,temperature,26
2024-01-07T10:55:00.000Z,zone-a,light,460.7
2024-01-07T12:21:00.000Z,zone-c,humidity,61.5
2024-01-07T13:01:00.000Z,zone-a,pressure,1019.4
2024-01-07T16:02:00.000Z,zone-b,pressure,1019.9
2024-01-07T16:52:00.000Z,zone-b,humidity,80
2024-01-07T17:42:00.000Z,zone-d,temperature,20.1
2024-01-07T19:35:00.000Z,zone-a,humidity,39.8
2024-01-07T20:48:00.000Z,zone-d,light,625.6
2024-01-07T20:50:00.000Z,zone-b,pressure,1017.5
2024-01-07T21:19:00.000Z,zone-d,humidity,44.2
2024-01-08T00:04:00.000Z,zone-a,light,450.8
2024-01-08T00:38:00.000Z,zone-d,temperature,29.3
2024-01-08T03:18:00.000Z,zone-b,light,820.4
2024-01-08T05:30:00.000Z,zone-d,pressure,1017.6
2024-01-08T06:03:00.000Z,zone-c,temperature,33.4
2024-01-08T06:42:00.000Z,zone-b,temperature,23.5
2024-01-08T10:00:00.000Z,zone-a,pressure,1016.1
2024-01-08T12:14:00.000Z,zone-c,pressure,1001.3
2024-01-08T12:50:00.000Z,zone-c,humidity,53.4
2024-01-08T13:15:00.000Z,zone-b,humidity,48.1
2024-01-08T16:15:00.000Z,zone-a,temperature,27.6
2024-01-08T17:12:00.000Z,zone-c,light,479.5
2024-01-08T18:35:00.000Z,zone-b,pressure,993
2024-01-08T23:53:00.000Z,zone-c,light,480.9
2024-01-09T01:56:00.000Z,zone-b,humidity,71.1
2024-01-09T03:32:00.000Z,zone-d,temperature,29.1
2024-01-09T03:46:00.000Z,zone-a,light,655.7
2024-01-09T04:35:00.000Z,zone-a,temperature,22.2
2024-01-09T05:46:00.000Z,zone-d,light,138.4
2024-01-09T05:48:00.000Z,zone-c,temperature,23.1
2024-01-09T06:44:00.000Z,zone-d,humidity,45.4
2024-01-09T07:01:00.000Z,zone-c,humidity,41.9
2024-01-09T08:27:00.000Z,zone-a,humidity,53.1
2024-01-09T09:13:00.000Z,zone-d,pressure,1016.2
2024-01-09T11:49:00.000Z,zone-a,pressure,995.8
2024-01-09T14:21:00.000Z,zone-c,pressure,1015.3
2024-01-09T17:33:00.000Z,zone-b,temperature,30.2
2024-01-09T17:38:00.000Z,zone-b,light,508.4
2024-01-09T20:23:00.000Z,zone-c,humidity,44
2024-01-09T20:30:00.000Z,zone-b,pressure,998.3
2024-01-09T20:32:00.000Z,zone-b,humidity,51.3
2024-01-09T20:45:00.000Z,zone-b,light,447.8
2024-01-10T04:48:00.000Z,zone-c,pressure,1004.7
2024-01-10T06:50:00.000Z,zone-a,temperature,28.5
2024-01-10T09:20:00.000Z,zone-c,light,836.3
2024-01-10T09:28:00.000Z,zone-d,light,583.7
2024-01-10T10:45:00.000Z,zone-b,temperature,29.8
2024-01-10T12:42:00.000Z,zone-a,pressure,1008.7
2024-01-10T12:42:00.000Z,zone-a,light,343
2024-01-10T13:06:00.000Z,zone-d,humidity,52.9
2024-01-10T15:40:00.000Z,zone-c,temperature,24.3
2024-01-10T16:49:00.000Z,zone-a,humidity,32.7
2024-01-10T17:43:00.000Z,zone-d,temperature,20.9
2024-01-10T18:13:00.000Z,zone-d,pressure,997
2024-01-10T20:59:00.000Z,zone-a,humidity,66.8
2024-01-10T21:12:00.000Z,zone-b,light,408.8
2024-01-10T21:26:00.000Z,zone-d,pressure,1009.5
2024-01-10T21:46:00.000Z,zone-d,light,129.9
2024-01-10T22:06:00.000Z,zone-d,temperature,30.1
2024-01-10T22:15:00.000Z,zone-c,temperature,20.5
2024-01-10T22:27:00.000Z,zone-a,light,647.1
2024-01-10T22:57:00.000Z,zone-c,humidity,44.9
2024-01-11T01:35:00.000Z,zone-a,temperature,27
2024-01-11T02:43:00.000Z,zone-b,temperature,32.9
2024-01-11T08:22:00.000Z,zone-a,pressure,1010.1
2024-01-11T09:26:00.000Z,zone-c,light,406.5
2024-01-11T11:11:00.000Z,zone-c,pressure,1010.5
2024-01-11T12:09:00.000Z,zone-b,humidity,68.5
2024-01-11T13:27:00.000Z,zone-b,pressure,1006.4
2024-01-11T13:48:00.000Z,zone-d,humidity,34.3
2024-01-11T18:35:00.000Z,zone-a,temperature,15.2
2024-01-11T18:41:00.000Z,zone-b,humidity,54.2
2024-01-11T19:44:00.000Z,zone-c,pressure,997.7
2024-01-12T02:15:00.000Z,zone-d,light,829.9
2024-01-12T02:48:00.000Z,zone-a,pressure,1017.4
2024-01-12T03:43:00.000Z,zone-a,light,199.9
2024-01-12T03:48:00.000Z,zone-d,temperature,18.1
2024-01-12T04:08:00.000Z,zone-c,temperature,19.7
2024-01-12T05:46:00.000Z,zone-d,humidity,31.1
2024-01-12T08:51:00.000Z,zone-c,humidity,49.1
2024-01-12T08:56:00.000Z,zone-b,pressure,1008.6
2024-01-12T13:18:00.000Z,zone-a,humidity,36.7
2024-01-12T15:11:00.000Z,zone-b,temperature,29.9
2024-01-12T15:25:00.000Z,zone-c,light,546.5
2024-01-12T16:12:00.000Z,zone-b,light,810.4
2024-01-12T18:22:00.000Z,zone-d,pressure,1005.9
2024-01-12T18:58:00.000Z,zone-a,pressure,1017
2024-01-12T19:59:00.000Z,zone-a,humidity,77.9
2024-01-12T23:57:00.000Z,zone-b,humidity,31.8
2024-01-12T23:59:00.000Z,zone-c,light,453.5
2024-01-13T00:42:00.000Z,zone-c,pressure,1008.7
2024-01-13T00:49:00.000Z,zone-d,pressure,1014
2024-01-13T02:07:00.000Z,zone-c,humidity,51.6
2024-01-13T03:27:00.000Z,zone-c,temperature,17
2024-01-13T03:59:00.000Z,zone-a,light,355.6
2024-01-13T07:13:00.000Z,zone-b,temperature,28.7
2024-01-13T11:54:00.000Z,zone-d,light,647.1
2024-01-13T13:40:00.000Z,zone-d,humidity,59.2
2024-01-13T14:14:00.000Z,zone-a,temperature,33.2
2024-01-13T17:02:00.000Z,zone-d,temperature,32.5
2024-01-13T17:12:00.000Z,zone-b,pressure,1014
2024-01-13T18:16:00.000Z,zone-b,light,576.3
2024-01-13T22:29:00.000Z,zone-a,light,626.6
2024-01-13T22:48:00.000Z,zone-d,pressure,1005.6
2024-01-14T01:09:00.000Z,zone-b,humidity,49
2024-01-14T01:47:00.000Z,zone-a,temperature,18.1
2024-01-14T02:41:00.000Z,zone-c,light,115.9
2024-01-14T05:05:00.000Z,zone-a,pressure,995.4
2024-01-14T05:42:00.000Z,zone-b,temperature,25.4
2024-01-14T05:55:00.000Z,zone-c,temperature,30.7
2024-01-14T09:22:00.000Z,zone-c,pressure,1002.7
2024-01-14T10:15:00.000Z,zone-c,humidity,57.1
2024-01-14T11:02:00.000Z,zone-d,humidity,53.4
2024-01-14T11:08:00.000Z,zone-b,light,847
2024-01-14T12:43:00.000Z,zone-d,temperature,16.8
2024-01-14T14:10:00.000Z,zone-b,pressure,1017.1
2024-01-14T14:21:00.000Z,zone-d,light,788
2024-01-14T18:25:00.000Z,zone-a,humidity,43.1
2024-01-14T20:27:00.000Z,zone-a,light,447.4
2024-01-14T21:22:00.000Z,zone-b,humidity,54.2
2024-01-14T22:24:00.000Z,zone-b,light,426.6
2024-01-14T22:32:00.000Z,zone-d,temperature,23.2
2024-01-14T23:26:00.000Z,zone-c,temperature,28.4
2024-01-14T23:53:00.000Z,zone-d,pressure,1008.5
2024-01-15T00:27:00.000Z,zone-d,light,672.8
2024-01-15T08:41:00.000Z,zone-c,light,383.1
2024-01-15T09:21:00.000Z,zone-b,pressure,1007.8
2024-01-15T11:56:00.000Z,zone-a,temperature,31
2024-01-15T12:20:00.000Z,zone-d,humidity,43.2
2024-01-15T13:15:00.000Z,zone-a,pressure,1012.8
2024-01-15T13:39:00.000Z,zone-c,humidity,67.4
2024-01-15T16:53:00.000Z,zone-c,pressure,999.8
2024-01-15T17:26:00.000Z,zone-b,temperature,33
2024-01-15T17:42:00.000Z,zone-a,humidity,72.1
2024-01-15T19:03:00.000Z,zone-a,humidity,76.2
2024-01-15T20:10:00.000Z,zone-c,temperature,28
2024-01-15T20:12:00.000Z,zone-d,light,532.6
2024-01-15T21:13:00.000Z,zone-b,humidity,74.5
2024-01-15T21:22:00.000Z,zone-c,light,775.6
2024-01-15T22:09:00.000Z,zone-c,humidity,65.9
2024-01-15T23:00:00.000Z,zone-b,pressure,997.7
2024-01-15T23:12:00.000Z,zone-c,pressure,997.6
2024-01-16T00:01:00.000Z,zone-d,humidity,50.1
2024-01-16T01:27:00.000Z,zone-d,pressure,995.6
2024-01-16T03:51:00.000Z,zone-a,pressure,1017.2
2024-01-16T06:52:00.000Z,zone-b,light,474.5
2024-01-16T10:40:00.000Z,zone-a,light,506.5
2024-01-16T11:21:00.000Z,zone-d,temperature,16.5
2024-01-16T11:40:00.000Z,zone-a,temperature,15.7
2024-01-16T12:03:00.000Z,zone-b,temperature,17.4
2024-01-16T18:31:00.000Z,zone-d,pressure,992.7
2024-01-16T19:07:00.000Z,zone-b,pressure,994.2
2024-01-16T20:50:00.000Z,zone-c,humidity,69
2024-01-16T21:40:00.000Z,zone-d,humidity,73.6
2024-01-17T00:16:00.000Z,zone-a,temperature,29.4
2024-01-17T00:55:00.000Z,zone-b,temperature,30.2
2024-01-17T04:12:00.000Z,zone-c,pressure,1013.5
2024-01-17T05:36:00.000Z,zone-d,temperature,17.4
2024-01-17T05:40:00.000Z,zone-a,pressure,1019.1
2024-01-17T08:07:00.000Z,zone-a,light,687.5
2024-01-17T09:03:00.000Z,zone-c,temperature,23.6
2024-01-17T10:02:00.000Z,zone-b,humidity,48.7
2024-01-17T12:20:00.000Z,zone-c,light,146.2
2024-01-17T14:01:00.000Z,zone-d,light,574.8
2024-01-17T14:40:00.000Z,zone-a,humidity,51
2024-01-17T15:16:00.000Z,zone-b,light,648
2024-01-17T19:17:00.000Z,zone-a,temperature,19.2
2024-01-17T20:27:00.000Z,zone-a,humidity,59
2024-01-17T21:52:00.000Z,zone-c,temperature,15.8
2024-01-17T23:24:00.000Z,zone-c,humidity,30.8
2024-01-17T23:41:00.000Z,zone-b,humidity,42.1
2024-01-17T23:42:00.000Z,zone-b,light,411.4
2024-01-18T00:20:00.000Z,zone-c,light,118.7
2024-01-18T01:44:00.000Z,zone-d,humidity,49.1
2024-01-18T02:21:00.000Z,zone-b,pressure,1003.3
2024-01-18T06:21:00.000Z,zone-c,pressure,1005.5
2024-01-18T07:26:00.000Z,zone-d,light,773.9
2024-01-18T07:27:00.000Z,zone-d,pressure,997.5
2024-01-18T08:02:00.000Z,zone-a,pressure,1017.8
2024-01-18T09:25:00.000Z,zone-b,temperature,23.1
2024-01-18T13:32:00.000Z,zone-a,light,821.7
2024-01-18T18:11:00.000Z,zone-d,temperature,28.8
2024-01-18T19:39:00.000Z,zone-b,temperature,17.5
2024-01-18T20:42:00.000Z,zone-b,humidity,46.3
2024-01-18T21:00:00.000Z,zone-c,pressure,990.5
2024-01-18T23:28:00.000Z,zone-d,temperature,32.7
2024-01-19T00:53:00.000Z,zone-d,pressure,992.5
2024-01-19T04:02:00.000Z,zone-a,pressure,1008.4
2024-01-19T05:10:00.000Z,zone-c,humidity,63.8
2024-01-19T09:20:00.000Z,zone-b,pressure,994.4
2024-01-19T09:41:00.000Z,zone-d,humidity,33.2
2024-01-19T09:54:00.000Z,zone-a,temperature,33.1
2024-01-19T10:32:00.000Z,zone-c,temperature,29.6
2024-01-19T10:58:00.000Z,zone-b,light,291.4
2024-01-19T13:54:00.000Z,zone-d,light,668.5
2024-01-19T16:06:00.000Z,zone-a,light,222.8
2024-01-19T16:47:00.000Z,zone-c,light,689.7
2024-01-19T16:54:00.000Z,zone-a,humidity,41.8
2024-01-19T21:29:00.000Z,zone-b,humidity,46.8
2024-01-19T22:45:00.000Z,zone-d,humidity,79.3
2024-01-20T03:28:00.000Z,zone-b,temperature,28.8
2024-01-20T03:51:00.000Z,zone-d,temperature,30.5
2024-01-20T04:36:00.000Z,zone-a,pressure,995.4
2024-01-20T04:58:00.000Z,zone-a,temperature,27.3
2024-01-20T05:53:00.000Z,zone-d,light,796.7
2024-01-20T08:57:00.000Z,zone-c,pressure,1003.9
2024-01-20T08:59:00.000Z,zone-c,light,684.7
2024-01-20T11:14:00.000Z,zone-a,light,631.2
2024-01-20T12:27:00.000Z,zone-c,humidity,35.9
2024-01-20T13:16:00.000Z,zone-c,temperature,17.9
2024-01-20T14:58:00.000Z,zone-a,humidity,53.7
2024-01-20T15:03:00.000Z,zone-d,pressure,1005.2
2024-01-20T18:21:00.000Z,zone-b,pressure,1016.3
2024-01-20T18:26:00.000Z,zone-b,light,842.5
2024-01-20T20:23:00.000Z,zone-d,humidity,66.4
2024-01-20T23:13:00.000Z,zone-a,pressure,1002.3
2024-01-20T23:19:00.000Z,zone-c,pressure,1007.8
2024-01-21T01:45:00.000Z,zone-d,pressure,1004.1
2024-01-21T01:54:00.000Z,zone-d,temperature,21.2
2024-01-21T03:02:00.000Z,zone-a,temperature,21.7
2024-01-21T04:17:00.000Z,zone-b,light,469.4
2024-01-21T07:15:00.000Z,zone-b,pressure,1017.3
2024-01-21T08:23:00.000Z,zone-b,humidity,39.2
2024-01-21T10:39:00.000Z,zone-a,humidity,33.6
2024-01-21T10:46:00.000Z,zone-a,light,325.3
2024-01-21T11:33:00.000Z,zone-d,light,362.6
2024-01-21T12:49:00.000Z,zone-c,humidity,52.7
2024-01-21T13:01:00.000Z,zone-c,light,273
2024-01-21T13:07:00.000Z,zone-b,temperature,21.3
2024-01-21T16:58:00.000Z,zone-c,temperature,18
2024-01-21T21:25:00.000Z,zone-a,humidity,39.6
2024-01-21T21:53:00.000Z,zone-a,temperature,24.1
2024-01-21T23:07:00.000Z,zone-d,pressure,1009
2024-01-21T23:58:00.000Z,zone-d,humidity,34.2
2024-01-22T00:23:00.000Z,zone-b,humidity,67.9
2024-01-22T01:21:00.000Z,zone-c,pressure,1015.1
2024-01-22T02:00:00.000Z,zone-b,pressure,1003.4
2024-01-22T03:49:00.000Z,zone-c,temperature,31.8
2024-01-22T07:58:00.000Z,zone-b,temperature,30.2
2024-01-22T07:58:00.000Z,zone-d,temperature,32.4
2024-01-22T09:45:00.000Z,zone-b,light,628.8
2024-01-22T11:56:00.000Z,zone-c,light,290.4
2024-01-22T12:44:00.000Z,zone-c,humidity,31.3
2024-01-22T13:37:00.000Z,zone-a,pressure,991.2
2024-01-22T14:26:00.000Z,zone-a,light,787.1
2024-01-22T18:19:00.000Z,zone-d,light,108.9
2024-01-22T19:18:00.000Z,zone-a,temperature,17.1
2024-01-22T20:20:00.000Z,zone-b,light,654
2024-01-22T22:16:00.000Z,zone-d,humidity,71.8
2024-01-23T00:07:00.000Z,zone-c,humidity,55.1
2024-01-23T00:37:00.000Z,zone-c,pressure,1006.2
2024-01-23T03:05:00.000Z,zone-c,light,613.6
2024-01-23T03:46:00.000Z,zone-d,pressure,1011.2
2024-01-23T05:40:00.000Z,zone-b,humidity,78.5
2024-01-23T06:39:00.000Z,zone-d,light,213.7
2024-01-23T06:57:00.000Z,zone-d,temperature,22.9
2024-01-23T07:11:00.000Z,zone-a,pressure,1007.3
2024-01-23T07:17:00.000Z,zone-b,temperature,33.4
2024-01-23T09:36:00.000Z,zone-b,pressure,1011.1
2024-01-23T10:09:00.000Z,zone-a,humidity,34.9
2024-01-23T11:58:00.000Z,zone-c,temperature,28.5
2024-01-23T17:08:00.000Z,zone-a,light,232.7
2024-01-23T18:40:00.000Z,zone-b,humidity,63.8
2024-01-23T19:34:00.000Z,zone-a,humidity,74
2024-01-23T20:32:00.000Z,zone-d,humidity,41.8
2024-01-23T21:56:00.000Z,zone-c,temperature,22.2
2024-01-23T22:39:00.000Z,zone-b,light,447.4
2024-01-23T22:55:00.000Z,zone-a,pressure,1002.7
2024-01-24T00:11:00.000Z,zone-c,light,180.7
2024-01-24T00:15:00.000Z,zone-a,light,318.7
2024-01-24T01:07:00.000Z,zone-d,temperature,21.4
2024-01-24T02:37:00.000Z,zone-c,humidity,47
2024-01-24T04:45:00.000Z,zone-b,pressure,991.4
2024-01-24T07:02:00.000Z,zone-c,pressure,1012.7
2024-01-24T07:33:00.000Z,zone-d,light,531.9
2024-01-24T09:12:00.000Z,zone-a,temperature,20
2024-01-24T12:36:00.000Z,zone-d,pressure,1011.2
2024-01-24T16:48:00.000Z,zone-b,temperature,33.9
2024-01-24T21:22:00.000Z,zone-d,light,603.4
2024-01-24T22:15:00.000Z,zone-a,pressure,1011.9
2024-01-24T22:45:00.000Z,zone-b,pressure,995.7
2024-01-24T23:00:00.000Z,zone-b,temperature,22.1
2024-01-25T00:05:00.000Z,zone-c,humidity,69.3
2024-01-25T01:24:00.000Z,zone-b,light,648.4
2024-01-25T02:01:00.000Z,zone-a,light,281.1
2024-01-25T03:01:00.000Z,zone-d,pressure,1002.3
2024-01-25T05:30:00.000Z,zone-d,humidity,56.1
2024-01-25T06:12:00.000Z,zone-c,temperature,18.4
2024-01-25T08:10:00.000Z,zone-b,humidity,66.7
2024-01-25T09:11:00.000Z,zone-a,temperature,22.1
2024-01-25T09:22:00.000Z,zone-d,temperature,22.5
2024-01-25T12:16:00.000Z,zone-c,light,396.1
2024-01-25T12:48:00.000Z,zone-a,humidity,45.3
2024-01-25T16:16:00.000Z,zone-c,pressure,1016.8
2024-01-25T19:40:00.000Z,zone-b,pressure,998.8
2024-01-25T20:48:00.000Z,zone-b,humidity,49.5
2024-01-25T22:22:00.000Z,zone-b,light,340.2
2024-01-25T23:35:00.000Z,zone-a,light,707.5
2024-01-26T00:52:00.000Z,zone-a,humidity,47.9
2024-01-26T04:50:00.000Z,zone-a,temperature,27.7
2024-01-26T08:17:00.000Z,zone-d,humidity,78.3
2024-01-26T08:58:00.000Z,zone-c,pressure,1005.8
2024-01-26T09:14:00.000Z,zone-a,pressure,1016.6
2024-01-26T10:20:00.000Z,zone-c,light,521.8
2024-01-26T11:03:00.000Z,zone-d,pressure,992.5
2024-01-26T11:12:00.000Z,zone-d,light,548.8
2024-01-26T13:19:00.000Z,zone-d,temperature,32.8
2024-01-26T13:47:00.000Z,zone-c,temperature,24
2024-01-26T14:37:00.000Z,zone-b,temperature,28.9
2024-01-26T16:04:00.000Z,zone-c,humidity,70.5
2024-01-26T21:17:00.000Z,zone-c,temperature,20.3
2024-01-26T21:25:00.000Z,zone-a,light,502.7
2024-01-26T22:11:00.000Z,zone-a,pressure,991.8
2024-01-26T22:34:00.000Z,zone-d,light,461.5
2024-01-26T23:42:00.000Z,zone-b,temperature,15.8
2024-01-27T01:31:00.000Z,zone-c,light,784.1
2024-01-27T03:48:00.000Z,zone-d,temperature,25.8
2024-01-27T04:11:00.000Z,zone-b,pressure,1009.9
2024-01-27T05:25:00.000Z,zone-a,humidity,42.3
2024-01-27T07:37:00.000Z,zone-b,light,558.9
2024-01-27T10:03:00.000Z,zone-c,pressure,998.2
2024-01-27T11:24:00.000Z,zone-c,humidity,71.9
2024-01-27T13:01:00.000Z,zone-b,humidity,49.9
2024-01-27T13:04:00.000Z,zone-d,pressure,992.5
2024-01-27T13:49:00.000Z,zone-a,temperature,16.6
2024-01-27T16:20:00.000Z,zone-d,humidity,42.3
2024-01-27T19:51:00.000Z,zone-a,light,516
2024-01-27T20:40:00.000Z,zone-d,humidity,37
2024-01-27T20:55:00.000Z,zone-a,humidity,70.9
2024-01-27T21:57:00.000Z,zone-b,pressure,994.3
2024-01-27T23:45:00.000Z,zone-c,humidity,54.9
2024-01-28T02:46:00.000Z,zone-a,temperature,21.7
2024-01-28T03:59:00.000Z,zone-a,pressure,1006.1
2024-01-28T04:19:00.000Z,zone-c,pressure,1011.7
2024-01-28T05:43:00.000Z,zone-d,light,277.3
2024-01-28T08:06:00.000Z,zone-c,temperature,34.3
2024-01-28T09:02:00.000Z,zone-b,light,659.6
2024-01-28T10:22:00.000Z,zone-d,pressure,992.7
2024-01-28T10:41:00.000Z,zone-c,light,845.2
2024-01-28T13:00:00.000Z,zone-b,humidity,50.3
2024-01-28T17:02:00.000Z,zone-b,temperature,18.5
2024-01-28T17:10:00.000Z,zone-d,temperature,17.7
2024-01-28T19:00:00.000Z,zone-d,temperature,16
2024-01-28T19:47:00.000Z,zone-d,humidity,32.6
2024-01-28T19:52:00.000Z,zone-a,pressure,1019.3
2024-01-28T19:59:00.000Z,zone-a,temperature,30.7
2024-01-28T21:13:00.000Z,zone-d,pressure,999.6
2024-01-28T21:46:00.000Z,zone-c,temperature,21.3
2024-01-29T02:51:00.000Z,zone-a,light,347.1
2024-01-29T05:45:00.000Z,zone-b,pressure,1004.6
2024-01-29T06:04:00.000Z,zone-d,light,876.6
2024-01-29T07:37:00.000Z,zone-a,humidity,31.9
2024-01-29T07:54:00.000Z,zone-b,light,323.6
2024-01-29T09:01:00.000Z,zone-c,pressure,1005.7
2024-01-29T10:15:00.000Z,zone-c,humidity,61.1
2024-01-29T10:25:00.000Z,zone-b,humidity,61.9
2024-01-29T11:45:00.000Z,zone-c,light,834.1
2024-01-29T13:58:00.000Z,zone-b,temperature,20.4
2024-01-29T20:41:00.000Z,zone-a,temperature,23.4
2024-01-29T22:30:00.000Z,zone-c,light,121.4
2024-01-29T23:02:00.000Z,zone-a,pressure,999.1
2024-01-30T00:26:00.000Z,zone-c,temperature,16.4
2024-01-30T04:12:00.000Z,zone-c,pressure,1005.1
2024-01-30T09:20:00.000Z,zone-a,light,851.6
2024-01-30T10:20:00.000Z,zone-b,humidity,47.4
2024-01-30T10:58:00.000Z,zone-a,humidity,44.7
2024-01-30T12:43:00.000Z,zone-d,temperature,18.3
2024-01-30T14:36:00.000Z,zone-c,humidity,50.7
2024-01-30T15:05:00.000Z,zone-d,humidity,67.5
2024-01-30T16:01:00.000Z,zone-b,light,706.6
2024-01-30T16:31:00.000Z,zone-d,light,404.8
2024-01-30T16:54:00.000Z,zone-b,pressure,1003.6
2024-01-30T17:18:00.000Z,zone-d,pressure,1014.3
2024-01-30T17:43:00.000Z,zone-b,temperature,18.9
2024-01-30T19:15:00.000Z,zone-b,light,455.4
2024-01-30T20:38:00.000Z,zone-c,humidity,67.7
2024-01-30T20:59:00.000Z,zone-c,temperature,19.4
2024-01-30T21:05:00.000Z,zone-a,humidity,57.3
2024-01-30T22:07:00.000Z,zone-a,light,180.9
2024-01-31T01:24:00.000Z,zone-a,temperature,22.4
2024-01-31T01:38:00.000Z,zone-d,humidity,61.4
2024-01-31T02:19:00.000Z,zone-c,pressure,1004.1
2024-01-31T06:13:00.000Z,zone-d,light,258.8
2024-01-31T07:06:00.000Z,zone-b,temperature,25.2
2024-01-31T09:49:00.000Z,zone-d,temperature,32.2
2024-01-31T09:51:00.000Z,zone-a,pressure,1016.2
2024-01-31T11:38:00.000Z,zone-b,pressure,1015.9
2024-01-31T14:33:00.000Z,zone-b,humidity,54
2024-01-31T18:17:00.000Z,zone-d,pressure,1010.7
2024-01-31T18:24:00.000Z,zone-c,light,353.4
2024-01-31T19:47:00.000Z,zone-c,pressure,998
2024-01-31T22:04:00.000Z,zone-b,pressure,1007.3
2024-02-01T00:11:00.000Z,zone-a,light,457.5
2024-02-01T00:22:00.000Z,zone-b,temperature,20.2
2024-02-01T04:05:00.000Z,zone-a,temperature,25.8
2024-02-01T04:40:00.000Z,zone-b,humidity,42.8
2024-02-01T06:32:00.000Z,zone-c,temperature,31.9
2024-02-01T07:59:00.000Z,zone-d,temperature,30.9
2024-02-01T10:45:00.000Z,zone-c,light,172.7
2024-02-01T10:52:00.000Z,zone-a,pressure,1005.6
2024-02-01T13:09:00.000Z,zone-d,pressure,993.6
2024-02-01T13:29:00.000Z,zone-d,light,301.4
2024-02-01T14:21:00.000Z,zone-a,humidity,79.2
2024-02-01T16:28:00.000Z,zone-b,light,255.9
2024-02-01T17:35:00.000Z,zone-c,humidity,56.4
2024-02-01T18:12:00.000Z,zone-d,humidity,58.7
2024-02-01T23:01:00.000Z,zone-d,light,883
2024-02-01T23:40:00.000Z,zone-b,humidity,40.9
2024-02-01T23:42:00.000Z,zone-d,humidity,65.1
2024-02-02T01:41:00.000Z,zone-a,light,295.1
2024-02-02T02:27:00.000Z,zone-b,light,115.9
2024-02-02T03:56:00.000Z,zone-c,pressure,998.3
2024-02-02T05:17:00.000Z,zone-a,humidity,30.5
2024-02-02T06:12:00.000Z,zone-d,temperature,16.6
2024-02-02T06:23:00.000Z,zone-d,pressure,1002.7
2024-02-02T07:24:00.000Z,zone-a,pressure,992.1
2024-02-02T10:00:00.000Z,zone-b,temperature,27.1
2024-02-02T10:20:00.000Z,zone-a,temperature,15.7
2024-02-02T10:44:00.000Z,zone-b,pressure,998.4
2024-02-02T13:59:00.000Z,zone-c,light,291.5
2024-02-02T14:35:00.000Z,zone-c,temperature,19.6
2024-02-02T16:47:00.000Z,zone-c,humidity,58.2
2024-02-02T19:25:00.000Z,zone-c,pressure,1006.1
2024-02-02T20:31:00.000Z,zone-d,light,163
2024-02-02T21:27:00.000Z,zone-a,temperature,34.5
2024-02-02T21:45:00.000Z,zone-a,humidity,51.4
2024-02-02T22:07:00.000Z,zone-d,temperature,16.4
2024-02-03T02:01:00.000Z,zone-c,temperature,21.2
2024-02-03T04:44:00.000Z,zone-c,light,894.8
2024-02-03T05:04:00.000Z,zone-b,humidity,63.6
2024-02-03T08:27:00.000Z,zone-a,light,572.4
2024-02-03T08:48:00.000Z,zone-d,humidity,45.2
2024-02-03T10:50:00.000Z,zone-b,temperature,29.7
2024-02-03T11:10:00.000Z,zone-d,pressure,1007.2
2024-02-03T14:17:00.000Z,zone-b,pressure,1019
2024-02-03T14:39:00.000Z,zone-a,pressure,1001.4
2024-02-03T16:02:00.000Z,zone-c,humidity,41.5
2024-02-03T16:55:00.000Z,zone-b,light,744.2
2024-02-03T21:30:00.000Z,zone-d,humidity,32.7
2024-02-03T23:24:00.000Z,zone-a,light,537.5
2024-02-04T00:30:00.000Z,zone-d,light,552
2024-02-04T01:22:00.000Z,zone-c,pressure,1015.1
2024-02-04T02:08:00.000Z,zone-b,light,566.8
2024-02-04T02:50:00.000Z,zone-a,pressure,1009.2
2024-02-04T06:21:00.000Z,zone-d,temperature,29.2
2024-02-04T06:22:00.000Z,zone-a,humidity,59
2024-02-04T07:25:00.000Z,zone-b,pressure,1014.7
2024-02-04T11:39:00.000Z,zone-a,temperature,20.7
2024-02-04T11:44:00.000Z,zone-b,temperature,19.6
2024-02-04T12:24:00.000Z,zone-b,humidity,79.2
2024-02-04T12:33:00.000Z,zone-c,light,648.9
2024-02-04T15:51:00.000Z,zone-c,temperature,25.1
2024-02-04T16:17:00.000Z,zone-d,pressure,1012.1
2024-02-04T17:29:00.000Z,zone-c,humidity,57.6
2024-02-04T19:02:00.000Z,zone-b,light,491.8
2024-02-04T19:43:00.000Z,zone-a,pressure,1001.6
2024-02-04T19:56:00.000Z,zone-a,light,630
2024-02-04T22:18:00.000Z,zone-d,humidity,31.6
2024-02-05T02:59:00.000Z,zone-c,temperature,22.2
2024-02-05T03:09:00.000Z,zone-c,light,637.1
2024-02-05T04:01:00.000Z,zone-a,humidity,64
2024-02-05T07:29:00.000Z,zone-b,pressure,1004.3
2024-02-05T09:11:00.000Z,zone-d,pressure,1014.2
2024-02-05T11:44:00.000Z,zone-d,temperature,21.5
2024-02-05T11:47:00.000Z,zone-a,temperature,30.5
2024-02-05T13:04:00.000Z,zone-c,humidity,41.7
2024-02-05T13:42:00.000Z,zone-b,temperature,22.9
2024-02-05T13:47:00.000Z,zone-d,light,474
2024-02-05T15:18:00.000Z,zone-c,pressure,990.7
2024-02-05T15:33:00.000Z,zone-b,humidity,41.7
2024-02-05T18:58:00.000Z,zone-c,humidity,77.6
2024-02-05T23:17:00.000Z,zone-a,temperature,34.7
2024-02-05T23:18:00.000Z,zone-a,pressure,1016.3
2024-02-06T04:29:00.000Z,zone-a,light,267.7
2024-02-06T05:43:00.000Z,zone-b,light,542.5
2024-02-06T06:33:00.000Z,zone-d,light,749.8
2024-02-06T07:06:00.000Z,zone-b,humidity,35.8
2024-02-06T09:11:00.000Z,zone-d,temperature,18.7
2024-02-06T10:07:00.000Z,zone-b,temperature,32.1
2024-02-06T10:12:00.000Z,zone-b,pressure,1006.3
2024-02-06T10:18:00.000Z,zone-c,pressure,990.2
2024-02-06T12:21:00.000Z,zone-a,humidity,76
2024-02-06T13:31:00.000Z,zone-c,temperature,18.4
2024-02-06T14:54:00.000Z,zone-c,light,556.9
2024-02-06T15:45:00.000Z,zone-d,pressure,1013.4
2024-02-06T16:00:00.000Z,zone-d,humidity,75.2
2024-02-06T21:01:00.000Z,zone-a,pressure,1011.4
2024-02-07T01:58:00.000Z,zone-c,light,627.2
2024-02-07T02:35:00.000Z,zone-c,temperature,27.6
2024-02-07T02:42:00.000Z,zone-a,temperature,32.6
2024-02-07T03:09:00.000Z,zone-d,light,283.8
2024-02-07T04:28:00.000Z,zone-c,pressure,1013.5
2024-02-07T08:33:00.000Z,zone-c,humidity,39.1
2024-02-07T08:34:00.000Z,zone-b,pressure,1018
2024-02-07T08:37:00.000Z,zone-a,light,572.5
2024-02-07T10:46:00.000Z,zone-b,temperature,33.8
2024-02-07T11:45:00.000Z,zone-b,light,313.3
2024-02-07T13:45:00.000Z,zone-d,pressure,995.1
2024-02-07T14:26:00.000Z,zone-a,humidity,70.4
2024-02-07T14:35:00.000Z,zone-b,humidity,39.6
2024-02-07T15:34:00.000Z,zone-d,temperature,32.7
2024-02-07T16:55:00.000Z,zone-d,humidity,71.5
2024-02-07T20:45:00.000Z,zone-a,temperature,15.1
2024-02-07T22:50:00.000Z,zone-c,temperature,30.1
2024-02-08T01:45:00.000Z,zone-d,temperature,25.4
2024-02-08T03:41:00.000Z,zone-c,humidity,50.1
2024-02-08T03:51:00.000Z,zone-b,light,485.3
2024-02-08T05:14:00.000Z,zone-a,light,221.4
2024-02-08T06:57:00.000Z,zone-a,pressure,1006.3
2024-02-08T08:44:00.000Z,zone-c,pressure,991.7
2024-02-08T11:52:00.000Z,zone-a,humidity,74.6
2024-02-08T15:38:00.000Z,zone-c,light,614.5
2024-02-08T15:39:00.000Z,zone-d,pressure,1013.5
2024-02-08T15:48:00.000Z,zone-b,pressure,1008.7
2024-02-08T16:10:00.000Z,zone-d,light,178.8
2024-02-08T17:09:00.000Z,zone-d,humidity,59.1
2024-02-08T17:32:00.000Z,zone-b,humidity,33.8
2024-02-08T17:38:00.000Z,zone-b,temperature,23.3
2024-02-08T18:35:00.000Z,zone-d,pressure,1011.5
2024-02-08T19:23:00.000Z,zone-d,light,767.8
2024-02-08T19:26:00.000Z,zone-a,pressure,994.6
2024-02-08T19:33:00.000Z,zone-c,light,598.4
2024-02-08T21:41:00.000Z,zone-d,temperature,22.3
2024-02-08T23:29:00.000Z,zone-a,humidity,56.1
2024-02-09T00:21:00.000Z,zone-c,temperature,24.6
2024-02-09T00:26:00.000Z,zone-a,light,278.9
2024-02-09T01:04:00.000Z,zone-b,pressure,1015.6
2024-02-09T02:53:00.000Z,zone-b,humidity,36.2
2024-02-09T07:09:00.000Z,zone-a,temperature,24.9
2024-02-09T07:13:00.000Z,zone-b,light,464.8
2024-02-09T09:04:00.000Z,zone-d,humidity,65.4
2024-02-09T11:09:00.000Z,zone-c,humidity,61.9
2024-02-09T14:48:00.000Z,zone-b,temperature,21.7
2024-02-09T17:33:00.000Z,zone-c,pressure,1016.9
2024-02-09T18:36:00.000Z,zone-c,pressure,1010.7
2024-02-09T23:39:00.000Z,zone-a,pressure,1013.8
2024-02-10T01:01:00.000Z,zone-d,humidity,56.9
2024-02-10T04:01:00.000Z,zone-c,humidity,62.9
2024-02-10T04:57:00.000Z,zone-a,humidity,69
2024-02-10T06:58:00.000Z,zone-b,temperature,35
2024-02-10T09:26:00.000Z,zone-b,humidity,71.4
2024-02-10T11:50:00.000Z,zone-d,temperature,18.3
2024-02-10T12:42:00.000Z,zone-a,light,362.4
2024-02-10T12:42:00.000Z,zone-d,light,144.4
2024-02-10T13:52:00.000Z,zone-b,light,563.2
2024-02-10T14:17:00.000Z,zone-a,temperature,25.8
2024-02-10T14:30:00.000Z,zone-c,temperature,26
2024-02-10T15:28:00.000Z,zone-c,light,505.4
2024-02-10T16:37:00.000Z,zone-b,pressure,1016.6
2024-02-10T18:00:00.000Z,zone-d,pressure,994.4
2024-02-10T19:27:00.000Z,zone-c,humidity,70.9
2024-02-11T02:17:00.000Z,zone-b,temperature,28.9
2024-02-11T03:02:00.000Z,zone-b,light,157.1
2024-02-11T04:40:00.000Z,zone-a,humidity,32.9
2024-02-11T07:33:00.000Z,zone-d,light,416.2
2024-02-11T11:04:00.000Z,zone-c,temperature,20.3
2024-02-11T11:41:00.000Z,zone-c,light,179.3
2024-02-11T11:42:00.000Z,zone-d,temperature,24.4
2024-02-11T12:46:00.000Z,zone-a,pressure,997.9
2024-02-11T13:25:00.000Z,zone-b,pressure,993.4
2024-02-11T13:29:00.000Z,zone-a,temperature,22.9
2024-02-11T15:19:00.000Z,zone-d,pressure,994
2024-02-11T15:30:00.000Z,zone-a,light,701.7
2024-02-11T15:46:00.000Z,zone-d,humidity,72.6
2024-02-11T15:51:00.000Z,zone-c,pressure,1017.1
2024-02-11T16:17:00.000Z,zone-b,humidity,46.4
2024-02-11T18:46:00.000Z,zone-d,humidity,51.8
2024-02-11T23:14:00.000Z,zone-a,pressure,994.2
2024-02-12T02:00:00.000Z,zone-d,pressure,1008.1
2024-02-12T04:09:00.000Z,zone-a,light,521.2
2024-02-12T04:32:00.000Z,zone-c,temperature,20.7
2024-02-12T05:08:00.000Z,zone-a,humidity,56.6
2024-02-12T05:46:00.000Z,zone-c,light,718.6
2024-02-12T06:26:00.000Z,zone-d,temperature,29.7
2024-02-12T06:53:00.000Z,zone-c,humidity,63.5
2024-02-12T08:21:00.000Z,zone-b,light,864
2024-02-12T09:20:00.000Z,zone-d,light,318.9
2024-02-12T10:00:00.000Z,zone-b,pressure,1016.2
2024-02-12T13:05:00.000Z,zone-a,temperature,30
2024-02-12T13:40:00.000Z,zone-b,temperature,21.3
2024-02-12T15:10:00.000Z,zone-c,pressure,1016.3
2024-02-12T17:22:00.000Z,zone-b,humidity,70.1
2024-02-12T23:49:00.000Z,zone-d,humidity,53.1
2024-02-13T02:09:00.000Z,zone-c,temperature,23.7
2024-02-13T02:17:00.000Z,zone-d,temperature,33.4
2024-02-13T02:28:00.000Z,zone-b,temperature,31
2024-02-13T04:10:00.000Z,zone-d,pressure,1019.4
2024-02-13T04:56:00.000Z,zone-b,humidity,49.8
2024-02-13T04:59:00.000Z,zone-c,pressure,1015.9
2024-02-13T05:02:00.000Z,zone-c,light,788.9
2024-02-13T06:31:00.000Z,zone-a,temperature,27.6
2024-02-13T09:09:00.000Z,zone-b,light,319.6
2024-02-13T11:43:00.000Z,zone-a,humidity,40.8
2024-02-13T12:43:00.000Z,zone-b,pressure,1018.2
2024-02-13T15:34:00.000Z,zone-d,light,131.5
2024-02-13T17:20:00.000Z,zone-a,light,710.6
2024-02-13T17:29:00.000Z,zone-c,humidity,60.6
2024-02-13T18:01:00.000Z,zone-a,pressure,1012.7
2024-02-13T18:44:00.000Z,zone-c,temperature,20.6
2024-02-13T19:41:00.000Z,zone-b,temperature,22.3
2024-02-13T23:24:00.000Z,zone-c,humidity,77
2024-02-13T23:36:00.000Z,zone-c,pressure,1010.7
2024-02-14T02:12:00.000Z,zone-c,light,898.3
2024-02-14T02:46:00.000Z,zone-b,humidity,74.8
2024-02-14T03:18:00.000Z,zone-a,pressure,1012.8
2024-02-14T03:38:00.000Z,zone-a,temperature,28.4
2024-02-14T04:57:00.000Z,zone-d,light,863
2024-02-14T08:08:00.000Z,zone-d,humidity,62.6
2024-02-14T08:42:00.000Z,zone-d,pressure,1019.2
2024-02-14T11:26:00.000Z,zone-b,pressure,1019.7
2024-02-14T13:53:00.000Z,zone-d,temperature,31
2024-02-14T14:41:00.000Z,zone-a,light,336.5
2024-02-14T16:13:00.000Z,zone-a,humidity,49.9
2024-02-14T17:16:00.000Z,zone-b,light,368.9
2024-02-14T19:28:00.000Z,zone-c,temperature,23.5
2024-02-14T22:05:00.000Z,zone-b,temperature,19.4
2024-02-14T22:44:00.000Z,zone-d,light,688.7
2024-02-14T23:55:00.000Z,zone-c,humidity,49
2024-02-15T02:18:00.000Z,zone-d,temperature,33.7
2024-02-15T04:20:00.000Z,zone-b,pressure,997.8
2024-02-15T06:06:00.000Z,zone-b,light,185.5
2024-02-15T06:40:00.000Z,zone-d,pressure,995.6
2024-02-15T10:05:00.000Z,zone-a,pressure,1005.5
2024-02-15T10:08:00.000Z,zone-a,temperature,33.5
2024-02-15T11:07:00.000Z,zone-a,light,729.7
2024-02-15T12:31:00.000Z,zone-c,light,332.2
2024-02-15T16:02:00.000Z,zone-d,humidity,56.3
2024-02-15T16:07:00.000Z,zone-a,humidity,40.8
2024-02-15T16:32:00.000Z,zone-c,pressure,1002
2024-02-15T18:00:00.000Z,zone-b,humidity,47.7
2024-02-15T20:08:00.000Z,zone-c,light,760.3
2024-02-15T20:47:00.000Z,zone-d,humidity,42.6
2024-02-16T01:58:00.000Z,zone-c,pressure,1010.1
2024-02-16T02:15:00.000Z,zone-b,humidity,30.3
2024-02-16T03:02:00.000Z,zone-d,temperature,26.8
2024-02-16T03:55:00.000Z,zone-d,light,649.7
2024-02-16T04:50:00.000Z,zone-c,humidity,41.4
2024-02-16T06:16:00.000Z,zone-c,temperature,34.5
2024-02-16T06:32:00.000Z,zone-a,humidity,53.1
2024-02-16T07:15:00.000Z,zone-a,temperature,18.5
2024-02-16T09:20:00.000Z,zone-a,light,287.3
2024-02-16T11:53:00.000Z,zone-b,light,699.7
2024-02-16T15:47:00.000Z,zone-b,temperature,34.1
2024-02-16T16:41:00.000Z,zone-d,pressure,992.2
2024-02-16T16:43:00.000Z,zone-a,pressure,1003.4
2024-02-16T18:27:00.000Z,zone-b,pressure,1004.6
2024-02-16T20:52:00.000Z,zone-b,pressure,1008.9
2024-02-16T23:09:00.000Z,zone-c,light,737.3
2024-02-16T23:39:00.000Z,zone-b,light,186.5
2024-02-17T00:18:00.000Z,zone-c,pressure,993.8
2024-02-17T00:29:00.000Z,zone-a,temperature,20.9
2024-02-17T02:29:00.000Z,zone-b,humidity,68.5
2024-02-17T02:34:00.000Z,zone-a,pressure,1016.1
2024-02-17T06:12:00.000Z,zone-d,light,390
2024-02-17T11:00:00.000Z,zone-c,temperature,33
2024-02-17T11:19:00.000Z,zone-c,humidity,67.5
2024-02-17T11:53:00.000Z,zone-d,pressure,1001
2024-02-17T12:45:00.000Z,zone-d,temperature,30.3
2024-02-17T14:55:00.000Z,zone-a,light,863.7
2024-02-17T15:05:00.000Z,zone-a,humidity,54.4
2024-02-17T15:10:00.000Z,zone-d,humidity,53.6
2024-02-17T18:25:00.000Z,zone-b,temperature,25.8
2024-02-17T19:40:00.000Z,zone-b,light,470.2
2024-02-17T21:32:00.000Z,zone-a,temperature,19.8
2024-02-17T22:29:00.000Z,zone-a,humidity,69.3
2024-02-17T23:41:00.000Z,zone-a,pressure,990.1
2024-02-18T05:11:00.000Z,zone-c,temperature,17.7
2024-02-18T07:11:00.000Z,zone-c,light,102.1
2024-02-18T08:42:00.000Z,zone-d,temperature,18.5
2024-02-18T09:37:00.000Z,zone-b,humidity,39.7
2024-02-18T10:33:00.000Z,zone-b,temperature,15.8
2024-02-18T10:51:00.000Z,zone-d,humidity,58.6
2024-02-18T12:11:00.000Z,zone-d,light,898.7
2024-02-18T12:13:00.000Z,zone-d,pressure,997.6
2024-02-18T13:44:00.000Z,zone-b,pressure,1015.6
2024-02-18T14:25:00.000Z,zone-c,humidity,46.3
2024-02-18T15:26:00.000Z,zone-a,light,814.1
2024-02-18T15:45:00.000Z,zone-c,pressure,1004.8
2024-02-18T20:24:00.000Z,zone-a,temperature,24.2
2024-02-18T21:26:00.000Z,zone-a,humidity,69.5
2024-02-18T22:33:00.000Z,zone-d,temperature,20.8
2024-02-18T23:39:00.000Z,zone-d,light,732.3
2024-02-19T02:28:00.000Z,zone-d,pressure,994.1
2024-02-19T03:35:00.000Z,zone-d,humidity,77.9
2024-02-19T06:34:00.000Z,zone-c,pressure,1019.6
2024-02-19T06:58:00.000Z,zone-b,humidity,72.5
2024-02-19T07:26:00.000Z,zone-c,humidity,43.8
2024-02-19T09:20:00.000Z,zone-a,pressure,1009.7
2024-02-19T10:02:00.000Z,zone-a,light,433.4
2024-02-19T14:10:00.000Z,zone-b,temperature,24
2024-02-19T14:43:00.000Z,zone-c,light,703
2024-02-19T15:18:00.000Z,zone-c,temperature,18
2024-02-19T15:33:00.000Z,zone-b,pressure,1003.1
2024-02-19T16:06:00.000Z,zone-b,light,609.6
2024-02-19T18:55:00.000Z,zone-d,temperature,24
2024-02-19T20:25:00.000Z,zone-d,pressure,1002.3
2024-02-19T21:55:00.000Z,zone-d,humidity,62.3
2024-02-19T22:59:00.000Z,zone-a,pressure,1007
2024-02-20T02:54:00.000Z,zone-a,light,480.5
2024-02-20T03:24:00.000Z,zone-c,light,226.4
2024-02-20T03:35:00.000Z,zone-c,humidity,64.7
2024-02-20T04:49:00.000Z,zone-c,pressure,998.7
2024-02-20T06:46:00.000Z,zone-c,temperature,17.1
2024-02-20T09:02:00.000Z,zone-b,temperature,33.6
2024-02-20T10:06:00.000Z,zone-b,light,749.1
2024-02-20T10:27:00.000Z,zone-a,humidity,37.5
2024-02-20T11:05:00.000Z,zone-a,temperature,29.1
2024-02-20T14:03:00.000Z,zone-d,light,192.1
2024-02-20T14:17:00.000Z,zone-b,humidity,52.9
2024-02-20T14:49:00.000Z,zone-b,pressure,997.4
2024-02-20T18:53:00.000Z,zone-b,pressure,1003
2024-02-20T21:23:00.000Z,zone-c,humidity,40
2024-02-20T21:44:00.000Z,zone-a,temperature,18.3
2024-02-20T22:02:00.000Z,zone-b,light,589.9
2024-02-21T03:48:00.000Z,zone-d,pressure,1001.6
2024-02-21T03:51:00.000Z,zone-a,humidity,79.2
2024-02-21T06:11:00.000Z,zone-b,humidity,79.3
2024-02-21T08:26:00.000Z,zone-a,pressure,992
2024-02-21T10:17:00.000Z,zone-d,light,419.8
2024-02-21T10:31:00.000Z,zone-c,pressure,990.4
2024-02-21T13:03:00.000Z,zone-a,light,726.3
2024-02-21T13:22:00.000Z,zone-d,temperature,31.3
2024-02-21T15:51:00.000Z,zone-c,temperature,15.8
2024-02-21T16:20:00.000Z,zone-d,humidity,43.5
2024-02-21T17:45:00.000Z,zone-c,light,284.4
2024-02-21T18:10:00.000Z,zone-b,temperature,22.3
2024-02-21T18:52:00.000Z,zone-d,temperature,32.9
2024-02-21T19:19:00.000Z,zone-a,light,775.1
2024-02-21T21:46:00.000Z,zone-a,temperature,23.8
2024-02-21T22:49:00.000Z,zone-c,light,393.1
2024-02-22T06:08:00.000Z,zone-a,pressure,997.7
2024-02-22T07:44:00.000Z,zone-d,light,378.7
2024-02-22T08:15:00.000Z,zone-b,humidity,70.1
2024-02-22T10:18:00.000Z,zone-b,temperature,28.9
2024-02-22T11:08:00.000Z,zone-c,pressure,996.2
2024-02-22T11:38:00.000Z,zone-b,pressure,997.7
2024-02-22T11:59:00.000Z,zone-b,light,352.5
2024-02-22T12:18:00.000Z,zone-c,temperature,28.2
2024-02-22T13:31:00.000Z,zone-d,pressure,1000.5
2024-02-22T15:24:00.000Z,zone-a,humidity,68.6
2024-02-22T15:29:00.000Z,zone-d,humidity,79.7
2024-02-22T18:04:00.000Z,zone-c,humidity,31.6
2024-02-22T19:12:00.000Z,zone-b,humidity,75.6
2024-02-22T21:14:00.000Z,zone-b,temperature,25.6
2024-02-22T21:40:00.000Z,zone-a,light,574.7
2024-02-23T01:58:00.000Z,zone-b,light,365
2024-02-23T03:56:00.000Z,zone-a,temperature,31.1
2024-02-23T04:05:00.000Z,zone-a,pressure,997
2024-02-23T07:23:00.000Z,zone-d,pressure,1013.4
2024-02-23T07:27:00.000Z,zone-b,pressure,1007.2
2024-02-23T07:48:00.000Z,zone-c,light,461.4
2024-02-23T08:29:00.000Z,zone-d,light,850
2024-02-23T14:02:00.000Z,zone-d,temperature,28.9
2024-02-23T15:33:00.000Z,zone-a,humidity,42.3
2024-02-23T16:00:00.000Z,zone-c,pressure,1013.8
2024-02-23T16:08:00.000Z,zone-c,temperature,16.1
2024-02-23T16:26:00.000Z,zone-d,humidity,55.3
2024-02-23T16:42:00.000Z,zone-c,humidity,61.7
2024-02-23T20:46:00.000Z,zone-a,humidity,54.6
2024-02-23T23:22:00.000Z,zone-d,humidity,73.1
2024-02-24T00:16:00.000Z,zone-a,light,756.3
2024-02-24T06:13:00.000Z,zone-b,temperature,35
2024-02-24T06:27:00.000Z,zone-d,temperature,23.3
2024-02-24T10:49:00.000Z,zone-c,temperature,17
2024-02-24T11:22:00.000Z,zone-b,humidity,35
2024-02-24T13:15:00.000Z,zone-a,pressure,1010.1
2024-02-24T14:15:00.000Z,zone-c,humidity,54.8
2024-02-24T14:20:00.000Z,zone-c,pressure,990.8
2024-02-24T14:36:00.000Z,zone-b,light,586.9
2024-02-24T14:37:00.000Z,zone-d,pressure,1016.4
2024-02-24T14:39:00.000Z,zone-d,light,870.7
2024-02-24T17:01:00.000Z,zone-c,light,824
2024-02-24T17:09:00.000Z,zone-b,pressure,1012
2024-02-24T17:54:00.000Z,zone-a,temperature,30.9
2024-02-24T19:59:00.000Z,zone-b,pressure,999.7
2024-02-24T20:15:00.000Z,zone-d,pressure,1012.4
2024-02-24T23:16:00.000Z,zone-c,humidity,53.2
2024-02-24T23:51:00.000Z,zone-c,pressure,990.7
2024-02-25T04:08:00.000Z,zone-a,humidity,52.5
2024-02-25T04:14:00.000Z,zone-d,light,447.5
2024-02-25T08:50:00.000Z,zone-b,humidity,55.6
2024-02-25T10:03:00.000Z,zone-a,pressure,997.6
2024-02-25T10:37:00.000Z,zone-c,temperature,34
2024-02-25T11:04:00.000Z,zone-a,light,269.2
2024-02-25T11:23:00.000Z,zone-b,temperature,21.3
2024-02-25T12:34:00.000Z,zone-d,temperature,26.7
2024-02-25T12:35:00.000Z,zone-c,light,506.2
2024-02-25T13:01:00.000Z,zone-a,temperature,29.4
2024-02-25T14:21:00.000Z,zone-b,light,830.4
2024-02-25T14:54:00.000Z,zone-d,humidity,56.8
2024-02-25T19:25:00.000Z,zone-a,temperature,25.1
2024-02-25T19:49:00.000Z,zone-c,pressure,1009.3
2024-02-25T21:27:00.000Z,zone-d,humidity,66
2024-02-25T22:07:00.000Z,zone-a,pressure,998.4
2024-02-26T00:36:00.000Z,zone-d,temperature,16.2
2024-02-26T02:09:00.000Z,zone-b,humidity,65.2
2024-02-26T02:12:00.000Z,zone-b,pressure,1005.6
2024-02-26T03:12:00.000Z,zone-a,light,541
2024-02-26T03:49:00.000Z,zone-d,pressure,992
2024-02-26T04:51:00.000Z,zone-c,temperature,28.2
2024-02-26T06:18:00.000Z,zone-d,light,852.6
2024-02-26T12:18:00.000Z,zone-c,light,778
2024-02-26T12:21:00.000Z,zone-c,humidity,35.1
2024-02-26T12:57:00.000Z,zone-a,humidity,61.3
2024-02-26T13:01:00.000Z,zone-b,temperature,15.7
2024-02-26T15:57:00.000Z,zone-b,light,874
2024-02-26T20:59:00.000Z,zone-d,humidity,71.9
2024-02-26T21:08:00.000Z,zone-c,pressure,1007.7
2024-02-26T21:48:00.000Z,zone-a,humidity,35.6
2024-02-26T21:51:00.000Z,zone-c,humidity,31.2
2024-02-26T23:24:00.000Z,zone-d,light,483.8
2024-02-27T00:24:00.000Z,zone-a,pressure,992.7
2024-02-27T00:40:00.000Z,zone-b,light,609
2024-02-27T01:18:00.000Z,zone-d,temperature,33.8
2024-02-27T05:13:00.000Z,zone-a,temperature,24.2
2024-02-27T09:13:00.000Z,zone-b,pressure,1003.1
2024-02-27T10:37:00.000Z,zone-c,temperature,19.5
2024-02-27T11:05:00.000Z,zone-b,humidity,79.5
2024-02-27T11:48:00.000Z,zone-a,light,350.7
2024-02-27T12:29:00.000Z,zone-b,temperature,30.4
2024-02-27T14:08:00.000Z,zone-c,light,537.9
2024-02-27T16:11:00.000Z,zone-d,pressure,990.3
2024-02-27T20:24:00.000Z,zone-d,pressure,1002.9
2024-02-27T20:43:00.000Z,zone-d,light,357.1
2024-02-27T21:41:00.000Z,zone-b,humidity,43.5
2024-02-28T00:05:00.000Z,zone-b,light,731.7
2024-02-28T00:31:00.000Z,zone-a,temperature,23.1
2024-02-28T01:49:00.000Z,zone-c,light,340.1
2024-02-28T03:43:00.000Z,zone-b,temperature,18.5
2024-02-28T05:32:00.000Z,zone-a,pressure,1011.8
2024-02-28T08:30:00.000Z,zone-c,pressure,1010.8
2024-02-28T09:49:00.000Z,zone-c,temperature,17
2024-02-28T11:17:00.000Z,zone-b,pressure,992.2
2024-02-28T14:06:00.000Z,zone-d,temperature,17.4
2024-02-28T15:24:00.000Z,zone-c,humidity,75.7
2024-02-28T17:39:00.000Z,zone-a,light,866.2
2024-02-28T17:46:00.000Z,zone-d,humidity,51.4
2024-02-28T17:51:00.000Z,zone-a,humidity,54.4
2024-02-28T18:59:00.000Z,zone-d,temperature,27.4
2024-02-28T19:21:00.000Z,zone-c,pressure,1004.1
2024-02-28T19:30:00.000Z,zone-d,light,268.4
2024-02-28T21:23:00.000Z,zone-a,pressure,992.7
2024-02-28T22:06:00.000Z,zone-a,humidity,33.1
2024-02-28T22:43:00.000Z,zone-d,humidity,77.9
2024-02-28T22:45:00.000Z,zone-a,light,718.7
2024-02-28T23:28:00.000Z,zone-b,pressure,1010.6
2024-02-29T03:52:00.000Z,zone-b,humidity,76.5
2024-02-29T05:47:00.000Z,zone-b,light,350.1
2024-02-29T07:26:00.000Z,zone-d,pressure,994.9
2024-02-29T08:31:00.000Z,zone-a,temperature,22.6
2024-02-29T08:55:00.000Z,zone-b,temperature,17.8
2024-02-29T09:48:00.000Z,zone-c,humidity,77
2024-02-29T12:29:00.000Z,zone-c,light,252.4
2024-02-29T13:07:00.000Z,zone-c,temperature,28.1
2024-02-29T22:03:00.000Z,zone-a,humidity,47.8
2024-02-29T22:50:00.000Z,zone-d,temperature,24.5
2024-02-29T23:23:00.000Z,zone-c,temperature,16.6
2024-03-01T00:42:00.000Z,zone-a,pressure,1000.4
2024-03-01T02:55:00.000Z,zone-d,light,148.9
2024-03-01T04:12:00.000Z,zone-b,pressure,1008.1
2024-03-01T04:56:00.000Z,zone-b,temperature,17.7
2024-03-01T08:30:00.000Z,zone-d,humidity,52.7
2024-03-01T11:27:00.000Z,zone-b,humidity,61.2
2024-03-01T13:02:00.000Z,zone-c,humidity,36.5
2024-03-01T16:08:00.000Z,zone-c,light,387.3
2024-03-01T16:14:00.000Z,zone-b,light,364.4
2024-03-01T16:26:00.000Z,zone-c,pressure,1006
2024-03-01T16:46:00.000Z,zone-a,temperature,27.2
2024-03-01T17:44:00.000Z,zone-d,pressure,992.3
2024-03-01T18:06:00.000Z,zone-a,light,498
2024-03-01T18:41:00.000Z,zone-a,temperature,23.4
2024-03-01T21:45:00.000Z,zone-c,light,771.9
2024-03-01T22:10:00.000Z,zone-a,light,416.4
2024-03-01T23:17:00.000Z,zone-b,humidity,35.2
2024-03-02T01:07:00.000Z,zone-c,pressure,995.2
2024-03-02T04:23:00.000Z,zone-c,humidity,42.4
2024-03-02T05:16:00.000Z,zone-a,pressure,1012.7
2024-03-02T06:05:00.000Z,zone-b,temperature,29.7
2024-03-02T06:19:00.000Z,zone-d,temperature,20.1
2024-03-02T06:26:00.000Z,zone-b,pressure,1001.7
2024-03-02T07:46:00.000Z,zone-b,light,632
2024-03-02T07:49:00.000Z,zone-d,light,603.7
2024-03-02T08:58:00.000Z,zone-a,humidity,75.9
2024-03-02T11:07:00.000Z,zone-d,humidity,61.7
2024-03-02T17:26:00.000Z,zone-c,temperature,31.7
2024-03-02T18:19:00.000Z,zone-d,pressure,1001.6
2024-03-02T22:30:00.000Z,zone-d,humidity,73
2024-03-02T23:04:00.000Z,zone-a,pressure,993.8
2024-03-02T23:05:00.000Z,zone-c,pressure,1019.4
2024-03-02T23:13:00.000Z,zone-d,temperature,28
2024-03-02T23:16:00.000Z,zone-a,light,576.8
2024-03-03T02:01:00.000Z,zone-a,temperature,23.6
2024-03-03T02:12:00.000Z,zone-c,temperature,19.8
2024-03-03T03:44:00.000Z,zone-c,light,455.1
2024-03-03T05:33:00.000Z,zone-b,pressure,1003.6
2024-03-03T07:02:00.000Z,zone-b,humidity,63.9
2024-03-03T09:09:00.000Z,zone-d,pressure,994.9
2024-03-03T10:19:00.000Z,zone-b,temperature,25
2024-03-03T10:20:00.000Z,zone-b,light,323.2
2024-03-03T13:10:00.000Z,zone-a,humidity,69.7
2024-03-03T14:33:00.000Z,zone-d,light,753.6
2024-03-03T16:43:00.000Z,zone-c,humidity,38.1
2024-03-03T21:20:00.000Z,zone-d,humidity,48.3
2024-03-03T23:12:00.000Z,zone-d,light,289.9
2024-03-04T03:59:00.000Z,zone-d,temperature,28.1
2024-03-04T04:15:00.000Z,zone-c,humidity,59.4
2024-03-04T05:16:00.000Z,zone-b,light,791.5
2024-03-04T05:24:00.000Z,zone-c,light,767.1
2024-03-04T06:22:00.000Z,zone-b,temperature,33.9
2024-03-04T07:05:00.000Z,zone-a,light,134.8
2024-03-04T07:40:00.000Z,zone-a,pressure,1001.4
2024-03-04T08:36:00.000Z,zone-a,humidity,41.7
2024-03-04T09:11:00.000Z,zone-b,pressure,998.7
2024-03-04T13:22:00.000Z,zone-c,pressure,999.7
2024-03-04T14:50:00.000Z,zone-b,humidity,49.3
2024-03-04T15:00:00.000Z,zone-d,pressure,1003.2
2024-03-04T16:23:00.000Z,zone-a,temperature,34.2
2024-03-04T17:32:00.000Z,zone-c,temperature,26
2024-03-05T00:59:00.000Z,zone-d,temperature,17.6
2024-03-05T04:47:00.000Z,zone-a,light,728.2
2024-03-05T07:15:00.000Z,zone-d,humidity,40.2
2024-03-05T07:34:00.000Z,zone-c,humidity,48.5
2024-03-05T07:42:00.000Z,zone-c,pressure,996.4
2024-03-05T07:49:00.000Z,zone-d,pressure,1004.5
2024-03-05T09:49:00.000Z,zone-b,pressure,1015.5
2024-03-05T10:01:00.000Z,zone-a,pressure,1010.1
2024-03-05T10:32:00.000Z,zone-a,temperature,32.2
2024-03-05T11:49:00.000Z,zone-c,light,809.9
2024-03-05T13:55:00.000Z,zone-c,temperature,22
2024-03-05T14:15:00.000Z,zone-d,light,746.4
2024-03-05T15:39:00.000Z,zone-b,temperature,26
2024-03-05T15:48:00.000Z,zone-b,humidity,58.7
2024-03-05T18:19:00.000Z,zone-b,light,674.3
2024-03-05T18:28:00.000Z,zone-a,humidity,34.9
2024-03-05T22:15:00.000Z,zone-d,temperature,20.1
2024-03-05T22:17:00.000Z,zone-d,light,257.7
2024-03-06T00:28:00.000Z,zone-a,pressure,1005.6
2024-03-06T00:31:00.000Z,zone-b,pressure,1001.4
2024-03-06T01:35:00.000Z,zone-b,light,275.8
2024-03-06T01:38:00.000Z,zone-c,temperature,23.7
2024-03-06T02:07:00.000Z,zone-b,temperature,15.5
2024-03-06T03:19:00.000Z,zone-d,humidity,54.9
2024-03-06T05:07:00.000Z,zone-a,light,475.4
2024-03-06T06:43:00.000Z,zone-c,light,498
2024-03-06T07:55:00.000Z,zone-a,humidity,47.1
2024-03-06T08:25:00.000Z,zone-d,pressure,1006.7
2024-03-06T11:26:00.000Z,zone-c,humidity,65.7
2024-03-06T11:50:00.000Z,zone-b,humidity,64.3
2024-03-06T16:45:00.000Z,zone-a,temperature,22.6
2024-03-06T17:16:00.000Z,zone-c,pressure,990.8
2024-03-06T19:49:00.000Z,zone-b,pressure,1008.7
2024-03-06T21:25:00.000Z,zone-a,light,552.1
2024-03-06T22:39:00.000Z,zone-a,pressure,1012.2
2024-03-07T01:12:00.000Z,zone-d,pressure,1008.5
2024-03-07T04:17:00.000Z,zone-d,humidity,56.3
2024-03-07T07:24:00.000Z,zone-a,humidity,54.6
2024-03-07T08:03:00.000Z,zone-c,light,778.2
2024-03-07T10:10:00.000Z,zone-c,temperature,16.8
2024-03-07T10:21:00.000Z,zone-b,temperature,25.9
2024-03-07T11:19:00.000Z,zone-c,pressure,1003.8
2024-03-07T11:30:00.000Z,zone-a,temperature,29.9
2024-03-07T14:00:00.000Z,zone-b,humidity,39
2024-03-07T14:04:00.000Z,zone-d,temperature,23.2
2024-03-07T17:25:00.000Z,zone-c,humidity,38.6
2024-03-07T17:49:00.000Z,zone-b,light,319.1
2024-03-07T18:21:00.000Z,zone-d,light,542
2024-03-08T01:17:00.000Z,zone-c,temperature,34.5
2024-03-08T01:30:00.000Z,zone-d,pressure,990.5
2024-03-08T01:31:00.000Z,zone-b,light,686.4
2024-03-08T02:07:00.000Z,zone-a,temperature,25.2
2024-03-08T02:24:00.000Z,zone-d,light,722.2
2024-03-08T02:36:00.000Z,zone-d,temperature,15.8
2024-03-08T03:46:00.000Z,zone-b,temperature,32.5
2024-03-08T03:57:00.000Z,zone-a,pressure,1000.7
2024-03-08T04:23:00.000Z,zone-a,light,313.3
2024-03-08T06:33:00.000Z,zone-c,pressure,1014
2024-03-08T07:06:00.000Z,zone-b,pressure,1011.7
2024-03-08T10:55:00.000Z,zone-b,humidity,65.4
2024-03-08T11:42:00.000Z,zone-a,humidity,42.6
2024-03-08T13:01:00.000Z,zone-c,humidity,32
2024-03-08T13:07:00.000Z,zone-c,light,256.3
2024-03-08T17:56:00.000Z,zone-d,humidity,33.9
2024-03-08T20:42:00.000Z,zone-c,humidity,77.5
2024-03-08T21:53:00.000Z,zone-b,temperature,25.4
2024-03-08T22:07:00.000Z,zone-a,pressure,1002.8
2024-03-09T00:24:00.000Z,zone-a,light,640
2024-03-09T01:39:00.000Z,zone-c,temperature,16.3
2024-03-09T01:58:00.000Z,zone-b,humidity,73.3
2024-03-09T02:21:00.000Z,zone-d,humidity,39.8
2024-03-09T02:45:00.000Z,zone-c,pressure,1011.5
2024-03-09T03:41:00.000Z,zone-d,pressure,1014
2024-03-09T04:55:00.000Z,zone-d,temperature,34.1
2024-03-09T06:01:00.000Z,zone-d,light,262.3
2024-03-09T06:34:00.000Z,zone-a,humidity,38.7
2024-03-09T08:11:00.000Z,zone-b,light,565.5
2024-03-09T08:47:00.000Z,zone-a,temperature,22.8
2024-03-09T09:59:00.000Z,zone-c,light,498.4
2024-03-09T13:54:00.000Z,zone-b,pressure,1019
2024-03-09T18:30:00.000Z,zone-a,humidity,37.1
2024-03-09T18:55:00.000Z,zone-d,pressure,1007.7
2024-03-09T20:14:00.000Z,zone-a,light,869.3
2024-03-09T20:27:00.000Z,zone-c,temperature,34.8
2024-03-09T22:57:00.000Z,zone-a,temperature,32.5
2024-03-09T23:55:00.000Z,zone-d,light,706.9
2024-03-10T00:48:00.000Z,zone-a,pressure,1003.6
2024-03-10T01:35:00.000Z,zone-b,light,742.5
2024-03-10T02:04:00.000Z,zone-d,humidity,45.9
2024-03-10T02:31:00.000Z,zone-c,light,273.9
2024-03-10T06:08:00.000Z,zone-c,humidity,77.9
2024-03-10T09:21:00.000Z,zone-b,humidity,48.7
2024-03-10T11:34:00.000Z,zone-c,pressure,1002.3
2024-03-10T11:41:00.000Z,zone-d,temperature,26.7
2024-03-10T13:29:00.000Z,zone-b,temperature,21.5
2024-03-10T14:55:00.000Z,zone-b,pressure,1015.8
2024-03-10T18:54:00.000Z,zone-c,pressure,1000.3
2024-03-10T19:08:00.000Z,zone-b,pressure,1016.7
2024-03-10T23:36:00.000Z,zone-d,temperature,33.8
2024-03-10T23:44:00.000Z,zone-a,temperature,30.6
2024-03-10T23:51:00.000Z,zone-c,temperature,25.9
2024-03-10T23:54:00.000Z,zone-d,light,588.7
2024-03-11T01:17:00.000Z,zone-c,humidity,65.6
2024-03-11T05:22:00.000Z,zone-c,light,229.6
2024-03-11T07:31:00.000Z,zone-a,light,262.7
2024-03-11T07:51:00.000Z,zone-a,humidity,32.7
2024-03-11T09:17:00.000Z,zone-b,temperature,22.9
2024-03-11T12:23:00.000Z,zone-a,pressure,991.3
2024-03-11T12:25:00.000Z,zone-d,humidity,74
2024-03-11T12:43:00.000Z,zone-b,humidity,64.2
2024-03-11T14:40:00.000Z,zone-d,pressure,1007.4
2024-03-11T14:42:00.000Z,zone-b,light,569.7
2024-03-11T19:53:00.000Z,zone-c,pressure,1000.8
2024-03-11T19:54:00.000Z,zone-d,temperature,34.5
2024-03-11T20:04:00.000Z,zone-c,humidity,70.9
2024-03-12T01:02:00.000Z,zone-c,temperature,33.7
2024-03-12T02:15:00.000Z,zone-b,light,160
2024-03-12T03:30:00.000Z,zone-b,pressure,1019.6
2024-03-12T04:25:00.000Z,zone-a,temperature,18.7
2024-03-12T07:42:00.000Z,zone-a,light,412.3
2024-03-12T08:09:00.000Z,zone-d,light,271.5
2024-03-12T08:30:00.000Z,zone-c,light,371.8
2024-03-12T09:32:00.000Z,zone-b,humidity,47.5
2024-03-12T09:55:00.000Z,zone-d,humidity,35.2
2024-03-12T11:18:00.000Z,zone-b,temperature,19.2
2024-03-12T13:28:00.000Z,zone-a,pressure,1010.9
2024-03-12T15:00:00.000Z,zone-a,humidity,78
2024-03-12T17:16:00.000Z,zone-d,pressure,1016.1
2024-03-12T18:43:00.000Z,zone-b,light,823.7
2024-03-12T19:11:00.000Z,zone-d,temperature,15.3
2024-03-12T23:14:00.000Z,zone-a,humidity,42.7
2024-03-13T00:59:00.000Z,zone-d,humidity,60.3
2024-03-13T03:54:00.000Z,zone-c,humidity,57.4
2024-03-13T04:15:00.000Z,zone-a,light,384.9
2024-03-13T04:55:00.000Z,zone-b,pressure,993.5
2024-03-13T05:23:00.000Z,zone-a,pressure,1013.1
2024-03-13T07:56:00.000Z,zone-a,temperature,33.9
2024-03-13T09:33:00.000Z,zone-c,temperature,31.3
2024-03-13T09:58:00.000Z,zone-c,pressure,990.3
2024-03-13T11:55:00.000Z,zone-b,temperature,29.6
2024-03-13T13:36:00.000Z,zone-b,humidity,47.7
2024-03-13T16:07:00.000Z,zone-c,light,324.1
2024-03-13T16:08:00.000Z,zone-d,pressure,995.1
2024-03-13T18:10:00.000Z,zone-d,light,479.7
2024-03-13T20:01:00.000Z,zone-d,temperature,23.6
2024-03-13T20:29:00.000Z,zone-d,light,550.5
2024-03-13T22:34:00.000Z,zone-c,humidity,50
2024-03-13T22:50:00.000Z,zone-a,pressure,991
2024-03-13T23:14:00.000Z,zone-b,light,658.2
2024-03-13T23:15:00.000Z,zone-b,humidity,30.8
2024-03-14T00:09:00.000Z,zone-c,pressure,1003.3
2024-03-14T06:00:00.000Z,zone-a,light,541
2024-03-14T08:58:00.000Z,zone-c,temperature,20.2
2024-03-14T12:06:00.000Z,zone-b,pressure,1002.6
2024-03-14T13:05:00.000Z,zone-b,temperature,32.3
2024-03-14T16:04:00.000Z,zone-a,temperature,31.8
2024-03-14T16:39:00.000Z,zone-c,light,869.2
2024-03-14T17:02:00.000Z,zone-d,humidity,42
2024-03-14T18:00:00.000Z,zone-a,humidity,61.4
2024-03-14T18:01:00.000Z,zone-d,pressure,1000.8
2024-03-14T18:34:00.000Z,zone-d,humidity,70.8
2024-03-14T18:56:00.000Z,zone-c,light,368.6
2024-03-14T22:19:00.000Z,zone-b,temperature,30.7
2024-03-14T23:29:00.000Z,zone-c,humidity,62.4
2024-03-14T23:41:00.000Z,zone-a,pressure,1003.4
2024-03-15T02:04:00.000Z,zone-b,light,638.7
2024-03-15T04:59:00.000Z,zone-d,pressure,1010.4
2024-03-15T05:47:00.000Z,zone-b,pressure,993.4
2024-03-15T06:08:00.000Z,zone-d,light,697.1
2024-03-15T09:38:00.000Z,zone-b,humidity,51.1
2024-03-15T11:36:00.000Z,zone-a,humidity,50.4
2024-03-15T13:14:00.000Z,zone-c,temperature,29.8
2024-03-15T15:16:00.000Z,zone-d,temperature,34.4
2024-03-15T16:39:00.000Z,zone-c,pressure,1002.5
2024-03-15T16:58:00.000Z,zone-a,light,327.8
2024-03-15T18:14:00.000Z,zone-a,temperature,16.6
2024-03-15T20:06:00.000Z,zone-b,light,850.5
2024-03-15T20:20:00.000Z,zone-a,humidity,78.1
2024-03-15T20:47:00.000Z,zone-a,pressure,999.6
2024-03-15T21:35:00.000Z,zone-b,humidity,51.7
2024-03-16T00:36:00.000Z,zone-a,temperature,17.5
2024-03-16T01:25:00.000Z,zone-c,light,410.7
2024-03-16T02:29:00.000Z,zone-c,temperature,19.1
2024-03-16T07:03:00.000Z,zone-c,humidity,63.7
2024-03-16T09:22:00.000Z,zone-c,pressure,998.9
2024-03-16T10:20:00.000Z,zone-a,light,656.1
2024-03-16T11:13:00.000Z,zone-d,pressure,1002.2
2024-03-16T11:52:00.000Z,zone-d,temperature,32.9
2024-03-16T13:59:00.000Z,zone-b,pressure,1009.6
2024-03-16T16:04:00.000Z,zone-d,light,317.5
2024-03-16T16:45:00.000Z,zone-b,temperature,29.7
2024-03-16T17:32:00.000Z,zone-d,humidity,41.1
2024-03-16T19:12:00.000Z,zone-d,light,588.8
2024-03-16T19:42:00.000Z,zone-d,humidity,72.4
2024-03-16T22:29:00.000Z,zone-a,temperature,23.4
2024-03-16T22:43:00.000Z,zone-b,temperature,16.1
2024-03-17T00:44:00.000Z,zone-b,pressure,996.7
2024-03-17T01:02:00.000Z,zone-d,pressure,997.2
2024-03-17T05:36:00.000Z,zone-c,pressure,1003.4
2024-03-17T05:39:00.000Z,zone-a,light,686.9
2024-03-17T07:33:00.000Z,zone-b,humidity,64.1
2024-03-17T10:11:00.000Z,zone-b,light,413.6
2024-03-17T10:50:00.000Z,zone-c,humidity,51.3
2024-03-17T12:42:00.000Z,zone-d,temperature,27.9
2024-03-17T13:38:00.000Z,zone-a,humidity,47.1
2024-03-17T14:25:00.000Z,zone-a,pressure,1008.9
2024-03-17T15:21:00.000Z,zone-c,light,717.8
2024-03-17T15:59:00.000Z,zone-c,temperature,15.5
2024-03-17T18:47:00.000Z,zone-a,pressure,1017.6
2024-03-17T20:17:00.000Z,zone-a,temperature,26.6
2024-03-17T21:09:00.000Z,zone-c,pressure,1019.6
2024-03-17T21:14:00.000Z,zone-b,light,432.3
2024-03-18T00:52:00.000Z,zone-d,light,775.7
2024-03-18T02:59:00.000Z,zone-a,light,789.3
2024-03-18T03:30:00.000Z,zone-c,light,524.4
2024-03-18T05:31:00.000Z,zone-d,temperature,30.3
2024-03-18T07:28:00.000Z,zone-b,temperature,22.8
2024-03-18T07:58:00.000Z,zone-c,humidity,66.6
2024-03-18T10:03:00.000Z,zone-b,pressure,1007.1
2024-03-18T11:09:00.000Z,zone-d,pressure,993.4
2024-03-18T13:39:00.000Z,zone-d,humidity,54.3
2024-03-18T14:09:00.000Z,zone-a,humidity,77.4
2024-03-18T15:13:00.000Z,zone-c,temperature,30.8
2024-03-18T18:24:00.000Z,zone-b,humidity,76
2024-03-18T19:14:00.000Z,zone-b,humidity,52.8
2024-03-18T19:35:00.000Z,zone-a,light,575.4
2024-03-18T20:14:00.000Z,zone-b,light,269
2024-03-18T21:00:00.000Z,zone-c,temperature,17.3
2024-03-18T22:00:00.000Z,zone-b,pressure,1011.8
2024-03-19T00:55:00.000Z,zone-b,temperature,24.3
2024-03-19T01:36:00.000Z,zone-d,temperature,24.8
2024-03-19T01:55:00.000Z,zone-d,pressure,1000
2024-03-19T04:21:00.000Z,zone-a,humidity,52.8
2024-03-19T04:39:00.000Z,zone-d,humidity,61.4
2024-03-19T06:34:00.000Z,zone-a,temperature,18.7
2024-03-19T08:47:00.000Z,zone-d,light,781.7
2024-03-19T09:47:00.000Z,zone-c,humidity,63.3
2024-03-19T10:32:00.000Z,zone-a,pressure,1011.5
2024-03-19T14:52:00.000Z,zone-c,light,477.6
2024-03-19T16:42:00.000Z,zone-c,pressure,999.3
2024-03-19T18:59:00.000Z,zone-d,light,205.4
2024-03-19T19:40:00.000Z,zone-c,pressure,1006
2024-03-19T22:45:00.000Z,zone-b,humidity,38.6
2024-03-20T02:24:00.000Z,zone-d,temperature,30.3
2024-03-20T03:03:00.000Z,zone-d,humidity,74.8
2024-03-20T03:35:00.000Z,zone-c,humidity,32.2
2024-03-20T04:24:00.000Z,zone-a,light,269.6
2024-03-20T06:28:00.000Z,zone-c,temperature,21.4
2024-03-20T06:33:00.000Z,zone-a,temperature,28
2024-03-20T06:41:00.000Z,zone-b,temperature,31.5
2024-03-20T07:16:00.000Z,zone-c,light,208.9
2024-03-20T08:05:00.000Z,zone-b,light,836.8
2024-03-20T10:30:00.000Z,zone-a,humidity,35.6
2024-03-20T12:01:00.000Z,zone-b,pressure,999
2024-03-20T16:01:00.000Z,zone-d,pressure,999.4
2024-03-20T16:17:00.000Z,zone-a,pressure,990.1
2024-03-20T19:43:00.000Z,zone-c,light,844.8
2024-03-20T21:23:00.000Z,zone-b,pressure,1003.9
2024-03-20T21:48:00.000Z,zone-d,pressure,1016.7
2024-03-20T23:21:00.000Z,zone-b,temperature,18.3
2024-03-21T00:05:00.000Z,zone-c,temperature,16.3
2024-03-21T02:51:00.000Z,zone-a,humidity,75.5
2024-03-21T03:38:00.000Z,zone-b,light,857.4
2024-03-21T04:09:00.000Z,zone-a,light,816.5
2024-03-21T10:40:00.000Z,zone-d,humidity,79.7
2024-03-21T12:21:00.000Z,zone-c,pressure,1003.7
2024-03-21T12:22:00.000Z,zone-b,humidity,58.4
2024-03-21T12:23:00.000Z,zone-d,light,253.3
2024-03-21T14:05:00.000Z,zone-a,pressure,1006.7
2024-03-21T14:24:00.000Z,zone-d,temperature,15.8
2024-03-21T15:40:00.000Z,zone-a,temperature,33.3
2024-03-21T16:30:00.000Z,zone-c,humidity,64.2
2024-03-21T23:06:00.000Z,zone-d,temperature,29.2
2024-03-22T00:07:00.000Z,zone-c,light,306.8
2024-03-22T01:08:00.000Z,zone-b,light,741.9
2024-03-22T01:56:00.000Z,zone-a,humidity,31
2024-03-22T02:54:00.000Z,zone-c,humidity,42.4
2024-03-22T03:50:00.000Z,zone-a,light,199.7
2024-03-22T04:43:00.000Z,zone-b,pressure,996.5
2024-03-22T06:04:00.000Z,zone-c,temperature,18.7
2024-03-22T08:51:00.000Z,zone-b,temperature,28.1
2024-03-22T09:06:00.000Z,zone-d,pressure,991.1
2024-03-22T10:31:00.000Z,zone-a,pressure,1007.4
2024-03-22T11:52:00.000Z,zone-c,pressure,1010.1
2024-03-22T12:34:00.000Z,zone-d,light,361.7
2024-03-22T14:25:00.000Z,zone-b,humidity,65.1
2024-03-22T15:37:00.000Z,zone-d,humidity,44.3
2024-03-22T18:18:00.000Z,zone-a,temperature,28.9
2024-03-22T19:24:00.000Z,zone-c,light,812.1
2024-03-22T23:39:00.000Z,zone-b,humidity,60.6
2024-03-23T01:48:00.000Z,zone-d,humidity,56.3
2024-03-23T03:04:00.000Z,zone-a,temperature,31.5
2024-03-23T03:09:00.000Z,zone-d,pressure,1007.9
2024-03-23T03:44:00.000Z,zone-b,light,437.4
2024-03-23T03:46:00.000Z,zone-a,humidity,65.8
2024-03-23T04:40:00.000Z,zone-d,light,717.4
2024-03-23T05:49:00.000Z,zone-a,light,776
2024-03-23T06:00:00.000Z,zone-c,pressure,1010.8
2024-03-23T08:04:00.000Z,zone-c,humidity,61.8
2024-03-23T14:35:00.000Z,zone-b,pressure,993
2024-03-23T14:55:00.000Z,zone-a,pressure,1010.6
2024-03-23T15:28:00.000Z,zone-c,temperature,16.3
2024-03-23T16:47:00.000Z,zone-b,temperature,19.7
2024-03-23T16:56:00.000Z,zone-d,temperature,23.5
2024-03-23T19:50:00.000Z,zone-d,humidity,34.3
2024-03-23T21:40:00.000Z,zone-a,temperature,23.7
2024-03-24T00:19:00.000Z,zone-c,temperature,31.3
2024-03-24T01:39:00.000Z,zone-d,temperature,22.7
2024-03-24T02:31:00.000Z,zone-b,pressure,1018.8
2024-03-24T03:40:00.000Z,zone-c,pressure,1005.9
2024-03-24T05:41:00.000Z,zone-b,temperature,34.4
2024-03-24T05:42:00.000Z,zone-c,light,694.2
2024-03-24T07:01:00.000Z,zone-d,light,218.5
2024-03-24T08:10:00.000Z,zone-a,humidity,39.5
2024-03-24T08:21:00.000Z,zone-d,pressure,996.4
2024-03-24T08:57:00.000Z,zone-c,humidity,78.3
2024-03-24T10:48:00.000Z,zone-b,humidity,50.2
2024-03-24T12:16:00.000Z,zone-b,light,508
2024-03-24T16:03:00.000Z,zone-a,light,412.4
2024-03-24T16:35:00.000Z,zone-a,pressure,1000.2
2024-03-24T20:29:00.000Z,zone-b,light,551.6
2024-03-24T21:51:00.000Z,zone-a,humidity,43.1
2024-03-24T23:55:00.000Z,zone-a,temperature,34.2
2024-03-25T01:22:00.000Z,zone-d,humidity,31.4
2024-03-25T02:26:00.000Z,zone-b,temperature,20.5
2024-03-25T03:36:00.000Z,zone-c,pressure,1015.9
2024-03-25T03:47:00.000Z,zone-c,light,831
2024-03-25T03:54:00.000Z,zone-b,pressure,1002.1
2024-03-25T04:36:00.000Z,zone-d,temperature,18.3
2024-03-25T08:41:00.000Z,zone-d,light,857.1
2024-03-25T10:13:00.000Z,zone-c,humidity,58.9
2024-03-25T10:33:00.000Z,zone-a,pressure,1008.5
2024-03-25T15:43:00.000Z,zone-a,light,292.4
2024-03-25T16:02:00.000Z,zone-c,temperature,33.3
2024-03-25T16:27:00.000Z,zone-b,humidity,35
2024-03-25T17:05:00.000Z,zone-d,pressure,1001.8
2024-03-25T20:07:00.000Z,zone-c,humidity,79.5
2024-03-25T20:12:00.000Z,zone-b,temperature,34.5
2024-03-25T23:39:00.000Z,zone-d,temperature,19.1
2024-03-26T03:38:00.000Z,zone-b,light,133.5
2024-03-26T04:33:00.000Z,zone-d,humidity,71.6
2024-03-26T07:01:00.000Z,zone-b,humidity,65.9
2024-03-26T07:33:00.000Z,zone-a,temperature,25.1
2024-03-26T09:58:00.000Z,zone-a,humidity,77
2024-03-26T11:08:00.000Z,zone-a,pressure,1013.5
2024-03-26T11:25:00.000Z,zone-a,light,606
2024-03-26T13:43:00.000Z,zone-d,light,453.1
2024-03-26T13:49:00.000Z,zone-c,light,897.5
2024-03-26T14:47:00.000Z,zone-c,temperature,34.8
2024-03-26T16:35:00.000Z,zone-d,pressure,1008.2
2024-03-26T17:43:00.000Z,zone-c,pressure,993.4
2024-03-26T18:29:00.000Z,zone-b,pressure,991.2
2024-03-26T19:32:00.000Z,zone-b,temperature,22
2024-03-26T21:09:00.000Z,zone-a,temperature,30.6
2024-03-27T00:29:00.000Z,zone-b,humidity,76.1
2024-03-27T03:01:00.000Z,zone-a,humidity,65.8
2024-03-27T05:00:00.000Z,zone-d,temperature,22.4
2024-03-27T05:36:00.000Z,zone-a,pressure,997.1
2024-03-27T06:19:00.000Z,zone-d,pressure,1005.6
2024-03-27T08:39:00.000Z,zone-c,pressure,1011.8
2024-03-27T09:09:00.000Z,zone-a,light,792.2
2024-03-27T09:50:00.000Z,zone-c,light,502.4
2024-03-27T11:45:00.000Z,zone-c,temperature,18.6
2024-03-27T12:00:00.000Z,zone-d,light,788.9
2024-03-27T14:26:00.000Z,zone-b,pressure,994.3
2024-03-27T17:15:00.000Z,zone-c,humidity,65
2024-03-27T17:53:00.000Z,zone-d,humidity,73.2
2024-03-27T18:14:00.000Z,zone-b,light,267.1
2024-03-27T19:01:00.000Z,zone-b,pressure,992.9
2024-03-27T23:39:00.000Z,zone-d,pressure,1012
2024-03-28T01:33:00.000Z,zone-b,temperature,25.2
2024-03-28T02:19:00.000Z,zone-a,pressure,1016.2
2024-03-28T02:26:00.000Z,zone-a,temperature,30.5
2024-03-28T02:38:00.000Z,zone-d,light,890.1
2024-03-28T03:02:00.000Z,zone-d,humidity,33.8
2024-03-28T04:06:00.000Z,zone-b,humidity,78.7
2024-03-28T04:42:00.000Z,zone-c,light,775.3
2024-03-28T06:10:00.000Z,zone-c,temperature,30.6
2024-03-28T07:44:00.000Z,zone-b,light,304.8
2024-03-28T07:52:00.000Z,zone-c,pressure,998.4
2024-03-28T10:41:00.000Z,zone-d,temperature,16.9
2024-03-28T10:44:00.000Z,zone-a,humidity,40.5
2024-03-28T13:11:00.000Z,zone-c,humidity,34.7
2024-03-28T16:54:00.000Z,zone-a,light,243.6
2024-03-28T19:57:00.000Z,zone-b,temperature,29.4
2024-03-28T20:47:00.000Z,zone-c,light,106.3
2024-03-28T21:18:00.000Z,zone-b,pressure,993.2
2024-03-28T23:31:00.000Z,zone-d,humidity,65.9
2024-03-29T02:00:00.000Z,zone-c,pressure,1013.9
2024-03-29T02:51:00.000Z,zone-d,pressure,1007.3
2024-03-29T05:09:00.000Z,zone-a,temperature,19.3
2024-03-29T06:07:00.000Z,zone-d,temperature,29.9
2024-03-29T07:25:00.000Z,zone-d,light,661.5
2024-03-29T07:59:00.000Z,zone-a,humidity,59.5
2024-03-29T08:34:00.000Z,zone-a,light,605.5
2024-03-29T09:23:00.000Z,zone-b,humidity,60.3
2024-03-29T13:07:00.000Z,zone-c,humidity,44.1
2024-03-29T13:19:00.000Z,zone-c,temperature,18.8
2024-03-29T17:10:00.000Z,zone-a,pressure,1008.1
2024-03-29T17:15:00.000Z,zone-b,light,494.7
2024-03-29T21:03:00.000Z,zone-b,light,759.4
2024-03-29T21:44:00.000Z,zone-c,pressure,995.3
2024-03-29T22:28:00.000Z,zone-b,humidity,45.5
2024-03-29T23:07:00.000Z,zone-b,pressure,1014.6
2024-03-30T00:37:00.000Z,zone-a,pressure,1003
2024-03-30T00:45:00.000Z,zone-a,humidity,40.4
2024-03-30T04:12:00.000Z,zone-d,temperature,28.9
2024-03-30T04:42:00.000Z,zone-a,temperature,21.8
2024-03-30T05:33:00.000Z,zone-d,humidity,38.6
2024-03-30T06:30:00.000Z,zone-d,pressure,1006.2
2024-03-30T08:54:00.000Z,zone-c,light,859.7
2024-03-30T09:22:00.000Z,zone-c,humidity,35.5
2024-03-30T09:30:00.000Z,zone-b,temperature,28.3
2024-03-30T11:14:00.000Z,zone-c,temperature,16.4
2024-03-30T16:19:00.000Z,zone-a,light,471.7
2024-03-30T18:23:00.000Z,zone-d,light,871.8